sqft,bedrooms,bathrooms,year_built,house_age,location_score,distance_to_city_miles,crime_rate,school_rating,has_garage,has_garden,floors,sale_date,price
2098,1,1.0,1950,75,1.66,3.74,1.04,8.35,1,1,2,2020-01-22 10:42:32.126772,692871.99
1717,4,2.5,1979,46,1.48,1.93,9.8,7.85,0,0,1,2023-07-30 13:39:04.954128,756385.24
2189,5,4.5,1973,52,9.44,7.04,6.09,3.36,1,1,2,2023-10-02 21:46:41.334445,1613275.13
2714,4,4.0,1963,62,5.77,4.68,5.79,3.21,1,1,1,2020-12-07 11:44:59.249374,1185913.64
1660,4,4.0,1985,40,6.53,0.5,6.73,9.69,1,1,2,2021-11-17 06:41:08.056713,1195308.09
1660,5,3.0,2018,7,5.34,3.08,5.22,1.07,0,1,1,2022-11-16 20:44:14.211843,936374.67
2748,3,2.5,2024,1,1.84,13.3,0.8,8.92,1,1,1,2022-06-13 03:24:10.208507,1147193.82
2260,3,3.0,1973,52,7.91,9.36,6.32,2.8,1,0,2,2023-08-29 06:19:30.975813,1363175.91
1518,4,3.5,2009,16,7.73,10.32,7.3,9.53,1,1,1,2023-10-04 13:22:16.113427,1336176.97
2126,3,2.5,2004,21,3.81,9.58,4.46,4.08,0,1,1,2020-12-09 03:20:34.028356,801348.04
1522,4,3.0,1973,52,3.76,2.98,7.69,4.96,1,0,3,2024-07-30 19:17:45.888240,835968.22
1521,5,4.0,1973,52,8.54,0.84,2.66,7.36,1,1,3,2020-08-18 23:01:09.057547,1229571.53
1945,3,3.0,2003,22,1.65,2.54,2.6,6.29,1,1,2,2021-10-18 14:00:42.035029,751115.29
652,3,2.5,1975,50,8.93,14.26,2.03,3.86,1,0,1,2023-04-01 03:21:46.088407,885238.31
765,4,2.0,2015,10,3.31,31.49,4.03,5.98,1,1,1,2024-05-30 18:21:19.065888,612884.39
1463,3,2.0,1987,38,6.34,5.45,8.55,7.58,0,0,2,2021-09-13 22:33:31.676397,904496.44
1192,4,2.0,2014,11,9.42,0.5,8.37,1.38,0,1,1,2020-04-27 03:06:09.307756,933748.65
1989,3,3.0,2024,1,7.1,1.21,4.14,1.1,1,0,1,2020-07-02 02:49:20.467055,1064289.48
1255,4,2.0,2000,25,4.73,3.11,6.1,5.12,1,1,2,2020-01-24 02:18:06.905754,663935.42
953,2,1.0,1984,41,7.21,6.91,7.35,2.19,1,0,1,2020-11-29 05:47:05.354462,642159.05
2679,4,3.0,1992,33,4.1,0.62,2.79,6.98,1,0,1,2021-07-13 06:01:30.075062,1165607.03
1665,3,2.5,1978,47,3.5,22.97,2.1,2.93,1,0,1,2025-01-03 12:37:49.891576,860452.24
1841,4,3.0,1986,39,9.97,3.63,9.73,4.9,1,1,1,2023-02-02 09:36:28.824020,1487613.28
945,2,2.0,2007,18,7.76,19.5,6.37,2.78,0,1,1,2024-01-11 12:57:02.852376,837127.98
1473,4,4.0,2003,22,6.8,12.13,9.82,5.94,0,1,1,2023-04-30 20:02:12.110091,983227.6
1867,5,3.0,1988,37,4.2,11.27,3.71,2.04,1,1,1,2021-09-20 12:55:50.792326,818302.78
1109,3,2.5,1991,34,1.44,7.47,7.18,1.21,1,1,2,2024-08-09 16:51:14.562135,482036.28
2025,2,1.5,1977,48,1.28,7.88,2.61,1.46,1,0,2,2020-01-12 13:09:03.452877,594377.68
1440,1,1.5,1978,47,5.99,8.13,2.98,9.59,1,1,1,2023-02-27 03:30:10.508757,979334.86
1625,4,2.0,1992,33,7.86,7.93,5.36,2.28,1,0,2,2025-01-08 11:24:34.228523,1191093.1
1439,4,2.5,1952,73,5.84,6.45,3.54,7.38,1,1,1,2024-11-10 02:03:42.185154,1105303.0
2911,3,3.0,1959,66,8.57,34.39,2.09,1.61,1,1,1,2023-05-07 10:24:31.226021,1631533.57
1792,3,2.0,2008,17,1.3,10.54,3.0,1.97,1,1,1,2020-08-02 11:05:21.267723,569645.71
1165,3,3.0,1963,62,4.3,12.0,0.84,5.58,1,0,2,2025-05-23 18:02:06.105087,796724.55
2294,4,3.0,1996,29,3.13,16.47,7.19,5.18,0,1,2,2025-01-20 00:33:37.681401,1169860.25
1067,3,3.0,1991,34,5.03,1.94,5.18,9.56,1,0,2,2021-08-16 21:28:40.433694,836511.64
1925,6,3.0,1981,44,1.65,0.7,1.4,9.5,1,0,1,2022-03-01 05:02:39.132610,915833.01
624,2,2.0,1981,44,9.59,5.28,2.13,8.02,1,0,1,2020-02-24 10:34:07.706422,898361.71
1003,4,2.5,1991,34,3.01,5.77,1.47,6.42,1,1,2,2022-08-03 06:47:08.356964,657783.83
1918,3,3.0,1981,44,9.3,14.14,6.32,5.09,1,1,1,2021-05-09 21:53:53.694745,1283464.08
2243,3,2.5,1975,50,4.83,4.69,1.39,4.21,1,0,2,2022-07-01 06:55:32.777314,1089043.42
1903,4,4.0,1950,75,9.87,6.77,7.67,9.52,1,0,2,2022-08-21 10:18:30.925771,1552215.76
1731,4,2.0,2005,20,5.99,5.99,0.69,6.43,0,1,2,2020-08-23 21:47:53.394495,972203.8
1619,6,3.0,1951,74,9.38,0.5,2.87,6.21,1,1,3,2022-05-29 07:03:57.197664,1336616.53
913,2,2.0,1979,46,1.05,7.64,8.96,3.09,1,0,3,2020-10-27 05:55:29.774812,361972.48
1368,2,2.0,2020,5,7.73,14.08,7.33,1.42,1,0,2,2022-12-09 23:02:21.117598,932854.36
1524,4,4.0,2001,24,9.13,1.37,1.19,9.51,0,1,2,2024-08-21 06:00:18.015012,1563111.78
2434,4,2.0,1958,67,2.26,7.22,8.3,3.82,1,1,1,2020-07-12 00:22:49.140950,766018.26
2006,3,1.5,1971,54,1.87,7.2,5.18,4.98,0,1,3,2022-05-07 20:21:25.070892,726361.79
742,2,1.0,1983,42,4.82,1.43,8.54,2.03,0,1,1,2023-11-27 23:56:23.819849,501769.17
1994,2,1.0,1998,27,9.4,1.05,6.21,8.53,1,0,1,2021-06-20 03:43:23.169307,1401557.4
1569,5,3.0,1950,75,5.88,31.32,6.98,1.25,0,0,1,2023-02-04 01:12:03.603002,830596.64
1394,2,2.0,2022,3,5.75,4.0,9.94,8.51,0,0,1,2024-12-08 03:08:33.427856,1069737.47
2167,3,2.5,2002,23,2.27,2.06,2.71,2.26,1,0,2,2024-10-14 16:34:25.721434,953535.77
2419,3,2.0,1989,36,1.01,1.5,6.43,8.98,0,1,2,2022-07-26 00:49:14.462051,942856.03
2359,3,2.5,1994,31,8.29,8.81,4.87,7.57,1,1,1,2025-02-25 07:36:22.819015,1716962.91
1296,2,1.0,2017,8,1.79,7.52,0.87,2.48,0,1,1,2020-04-28 18:41:44.086738,422443.22
1614,3,2.5,1958,67,6.7,8.25,0.64,6.09,1,0,3,2025-05-15 12:04:12.210175,1269201.85
1999,2,2.0,1971,54,9.23,0.74,1.63,3.81,1,1,2,2021-07-23 03:34:58.748957,1282930.71
2385,4,3.5,1967,58,2.88,17.92,6.67,2.6,1,1,2,2022-12-19 20:35:49.791492,983131.21
1512,3,3.0,1992,33,6.99,3.94,5.89,8.73,1,0,1,2021-12-15 07:45:59.299416,1066463.91
1689,3,1.5,1988,37,1.71,3.01,5.76,4.63,0,1,2,2022-05-09 11:56:59.849874,654995.01
1136,5,3.0,2022,3,6.43,4.96,0.8,4.59,0,0,1,2021-03-21 10:06:30.325271,844293.87
1082,4,2.0,1955,70,2.48,3.96,4.96,2.53,1,0,1,2024-05-29 02:45:44.286905,528164.77
2288,3,3.0,1997,28,7.62,15.94,9.28,4.45,1,1,1,2020-12-02 12:58:14.912427,1218557.01
2614,3,2.5,1956,69,3.71,21.19,4.28,8.84,1,1,1,2023-11-08 04:49:26.472060,1254105.01
1757,3,1.5,2018,7,5.17,2.89,6.44,4.27,1,0,1,2020-04-07 07:59:11.959966,781917.5
2402,4,3.5,1965,60,6.39,15.96,7.91,9.56,0,0,3,2024-02-18 11:35:22.768974,1494702.81
2017,6,3.0,1950,75,2.54,12.17,7.95,9.52,1,1,1,2023-06-30 20:58:38.932443,993290.11
1413,4,4.0,1986,39,7.67,21.37,5.43,2.3,1,1,1,2020-04-30 10:17:18.865721,851616.68
2017,4,3.5,1986,39,3.72,2.26,8.65,2.6,1,1,1,2024-11-13 09:14:51.743119,1005477.92
2723,4,3.0,2013,12,6.96,6.88,4.22,8.76,1,0,1,2020-08-12 08:38:49.941618,1395759.25
1779,3,3.0,2011,14,2.42,2.57,8.94,4.53,1,0,2,2024-11-03 11:41:23.069224,917155.29
2739,2,2.0,2021,4,7.19,13.9,2.78,1.04,0,0,1,2020-02-01 08:16:00.800667,1155861.54
600,4,2.5,2010,15,2.15,0.5,3.16,3.46,1,0,2,2024-07-04 09:48:29.424520,506650.08
2293,5,4.5,1982,43,4.83,6.66,1.0,6.38,1,0,1,2020-07-28 12:18:36.930775,1051523.29
1852,2,1.0,2015,10,3.22,3.31,8.06,8.19,1,0,2,2022-03-02 20:38:13.911593,812477.52
1621,4,4.0,1979,46,7.74,3.12,4.46,2.2,1,1,2,2023-10-09 12:09:00.450375,1266879.24
1855,3,2.0,1969,56,3.36,8.28,2.68,1.99,1,0,2,2020-07-05 10:00:30.025020,660332.94
607,3,2.5,2009,16,8.94,15.26,2.7,9.3,1,1,2,2021-04-30 00:20:25.020850,966055.92
1668,2,1.0,2023,2,9.03,7.52,9.06,7.76,1,0,2,2024-06-27 19:26:10.308590,1394861.62
2014,3,1.5,1973,52,2.77,15.35,8.42,6.31,1,1,1,2022-07-06 05:42:17.114261,784780.85
2687,4,4.0,1953,72,6.52,2.46,5.76,7.92,1,0,2,2020-12-23 23:40:47.039199,1345618.01
1489,3,1.5,1986,39,1.79,5.86,6.35,4.86,1,1,2,2023-09-23 00:13:12.660550,632455.61
1315,4,3.0,1953,72,4.52,4.79,5.01,7.83,1,0,2,2024-08-04 18:04:30.225187,949669.96
1499,4,2.5,1967,58,7.42,0.5,4.22,4.35,1,1,1,2021-05-14 20:40:38.031693,999228.78
2349,5,4.5,2015,10,6.93,6.51,9.2,3.2,1,1,1,2021-08-25 03:26:34.328607,1270175.69
1997,3,3.0,1997,28,6.62,8.67,1.69,7.56,1,1,2,2021-11-13 23:29:58.498748,1247598.54
1482,3,2.5,1982,43,3.54,7.17,4.48,4.78,1,0,1,2022-02-07 18:20:07.005838,692181.22
2108,2,2.0,2007,18,4.4,10.66,3.77,9.83,0,1,1,2020-08-04 02:40:56.046705,972043.37
1858,6,3.0,2022,3,1.93,6.78,5.23,4.15,1,1,1,2025-04-17 10:59:20.967472,921318.36
2381,5,4.5,1977,48,7.47,0.55,4.85,9.3,0,0,2,2024-09-08 09:31:40.583819,1732761.23
1379,3,2.5,1984,41,5.53,0.99,5.43,9.4,1,1,3,2023-11-06 13:13:51.693077,1080156.38
1603,4,2.0,1959,66,7.38,7.26,1.83,3.18,1,1,1,2024-06-26 03:50:35.529608,1175414.88
1565,3,2.0,2014,11,3.24,2.57,5.37,8.18,0,1,1,2023-07-22 07:41:11.059216,871778.99
922,4,4.0,1991,34,3.92,0.66,2.8,4.9,0,1,1,2021-05-08 06:18:18.915763,630057.71
1978,2,2.0,1958,67,4.01,4.49,2.25,9.26,1,1,1,2020-02-21 03:22:58.148457,914248.69
1957,4,2.0,2009,16,1.23,6.47,1.12,5.05,1,1,2,2022-09-10 05:25:28.273561,834150.25
1803,2,2.0,1964,61,4.07,3.19,7.75,7.7,0,1,2,2023-08-25 23:08:21.417848,955085.45
1659,4,4.0,2006,19,8.23,10.2,4.56,5.2,1,1,1,2025-01-06 19:48:59.449541,1433714.17
951,4,2.5,2018,7,9.08,8.26,6.45,3.05,1,1,2,2024-01-03 06:59:08.957464,1102886.16
1548,4,2.5,1971,54,5.66,3.24,7.41,2.79,0,1,2,2020-03-28 10:25:43.286071,753927.47
1594,1,1.5,2013,12,5.1,11.25,6.95,4.83,1,1,1,2021-05-06 14:42:44.136780,741177.38
1319,3,2.5,1990,35,1.28,8.37,4.97,7.8,1,0,1,2023-05-20 15:09:09.457881,680044.72
1703,3,3.0,2020,5,8.91,8.12,4.19,6.45,1,0,3,2021-01-02 21:14:15.713094,1184218.57
2042,3,2.0,2005,20,1.12,6.45,4.07,7.2,1,0,1,2020-11-04 11:53:23.669724,729722.6
2932,2,1.5,1972,53,9.5,0.5,6.58,3.54,1,0,2,2021-10-28 11:34:10.708924,1651287.88
1905,5,3.0,1974,51,5.4,9.54,5.2,5.33,1,0,1,2021-12-31 19:41:47.089241,946431.58
1955,4,2.5,1955,70,4.08,3.77,8.57,1.4,1,1,2,2021-09-05 16:35:37.781484,807373.35
1755,3,1.5,1983,42,9.32,22.86,8.81,8.36,1,0,2,2020-07-26 20:43:02.151793,1146932.97
649,3,2.0,2012,13,1.22,13.63,2.12,9.91,1,1,2,2021-04-01 23:15:33.778148,469052.37
1784,3,3.0,1958,67,6.23,7.09,1.79,4.66,1,1,2,2023-06-17 16:14:00.700583,1147478.77
1836,4,3.0,2009,16,5.94,2.32,6.49,1.1,1,0,3,2021-08-08 15:30:46.538782,965212.6
3278,3,2.5,1998,27,2.97,1.82,3.36,2.53,1,0,2,2020-01-04 07:11:09.557964,1002860.61
1685,5,5.0,2000,25,4.86,3.33,0.68,6.87,1,1,1,2020-03-06 23:43:11.159299,903661.93
1981,3,3.0,2009,16,6.87,5.18,8.94,6.51,1,1,1,2025-02-13 18:27:19.366138,1407233.84
1779,6,3.0,2019,6,7.54,2.81,2.66,8.09,0,1,2,2023-12-06 05:54:17.714762,1468694.97
1099,5,3.0,1986,39,1.01,5.79,9.33,3.28,0,1,2,2020-03-16 21:16:39.833194,431681.38
2486,3,2.0,1980,45,9.43,1.45,7.32,7.87,1,1,1,2023-05-15 16:22:25.120934,1781919.76
2251,5,3.0,1990,35,2.48,30.43,7.75,7.19,1,1,1,2021-04-15 04:00:12.010008,829168.44
2275,2,1.5,2011,14,3.1,0.91,2.41,3.91,1,1,2,2024-10-06 10:36:31.826522,1176347.81
1254,4,2.5,2007,18,3.37,21.5,2.72,5.91,1,1,1,2022-12-29 18:09:18.465387,714020.15
2642,3,2.5,1963,62,1.34,19.59,5.45,2.33,1,1,1,2023-12-26 01:01:15.062552,875105.17
959,5,5.0,1985,40,2.11,5.96,2.13,5.07,1,0,2,2025-03-30 07:27:58.398665,664538.59
2152,5,4.0,1985,40,9.88,10.33,3.4,8.93,1,1,2,2024-12-22 23:28:46.438698,1834692.68
3114,4,3.5,1957,68,3.84,4.58,3.55,4.79,1,1,1,2022-11-20 03:55:23.769808,1357299.49
1206,4,2.0,1975,50,2.04,7.95,2.02,8.56,1,1,1,2020-07-18 14:45:08.256880,640121.11
1460,3,3.0,1985,40,1.96,3.33,2.45,6.31,1,0,1,2022-02-25 21:51:29.574645,656465.58
1860,2,1.5,1997,28,7.48,2.87,7.99,2.73,1,0,1,2024-02-26 17:33:16.663886,1158193.44
1498,3,2.0,1977,48,8.69,6.91,2.09,6.23,1,0,2,2021-02-06 12:41:26.071726,1114222.35
870,2,1.0,2017,8,3.31,5.52,0.77,5.55,1,0,2,2025-05-12 04:53:02.652210,643100.64
1841,4,3.0,2011,14,1.19,6.93,6.48,4.59,1,0,1,2020-10-30 13:06:39.332777,594780.28
1163,3,2.5,2000,25,3.01,2.7,9.77,2.08,1,1,1,2022-11-21 19:30:58.548790,539013.99
2084,6,3.0,1991,34,1.51,3.66,3.65,4.75,0,0,1,2022-04-03 04:54:14.712260,796815.22
1248,4,3.0,1978,47,1.93,0.7,1.63,1.65,1,0,3,2023-07-28 22:03:30.175145,624418.77
2730,4,3.5,1959,66,4.88,0.5,5.92,1.89,1,0,1,2021-08-05 08:19:36.980817,1135722.76
1330,2,1.5,1988,37,3.07,2.34,9.11,4.74,1,1,2,2020-08-15 15:49:59.499582,587167.09
1607,5,4.0,1950,75,5.64,0.62,7.95,3.75,1,0,2,2023-11-29 15:31:58.598832,996305.72
2288,5,3.0,1988,37,3.28,0.88,6.41,9.33,0,0,2,2021-10-16 22:25:07.256046,1052028.39
1061,3,3.0,1970,55,9.46,13.41,3.49,4.38,0,1,2,2021-06-05 07:23:10.158465,1012728.14
1936,4,2.5,2014,11,9.15,0.5,5.65,7.82,0,1,1,2021-09-02 09:24:28.223519,1450855.7
2584,4,3.5,1964,61,6.1,8.61,1.37,5.77,1,0,2,2023-08-30 21:55:05.754795,1412532.86
836,2,1.0,1953,72,4.19,2.55,6.95,7.34,1,0,1,2022-06-29 15:19:57.998331,568836.57
1911,3,1.5,2009,16,4.43,16.42,7.39,3.34,1,0,2,2025-04-12 12:12:36.630525,1002167.68
1956,3,2.0,2010,15,4.71,5.31,9.67,9.48,1,1,1,2021-11-18 22:16:42.835696,985493.18
2269,2,1.5,1969,56,7.55,2.92,2.97,5.77,1,0,2,2023-08-12 18:23:43.185988,1445956.45
1058,3,1.5,1959,66,5.06,5.83,0.68,8.48,1,1,1,2025-05-08 21:41:53.094245,990029.38
1008,2,1.0,1983,42,8.71,3.85,5.68,4.29,1,0,2,2021-06-30 01:16:51.843202,859580.49
2113,1,1.0,1997,28,9.5,6.65,7.21,1.9,1,1,1,2022-10-23 02:50:32.527105,1332906.75
1978,2,1.5,1982,43,4.02,0.97,8.01,7.06,1,0,2,2025-03-02 06:23:07.155963,1092882.59
1950,5,4.5,2010,15,6.05,40.0,2.34,1.07,1,0,1,2022-02-02 19:33:22.668890,989621.23
2008,3,3.0,1959,66,1.86,4.43,2.99,5.28,1,1,1,2020-05-07 00:39:37.981651,730422.06
1392,5,4.0,2003,22,2.8,3.42,5.37,2.74,1,0,2,2020-07-23 13:31:52.593828,615820.76
1939,3,2.5,2014,11,4.72,9.91,3.64,6.65,0,0,3,2023-06-09 10:16:06.805671,1034259.26
1976,3,2.0,1950,75,2.86,3.62,8.67,9.81,0,1,1,2022-03-25 22:56:20.817347,885033.99
1371,3,2.0,1954,71,8.89,14.33,5.0,5.18,1,1,3,2023-08-22 15:57:11.859883,1149389.96
2919,3,2.5,1964,61,2.42,4.85,8.1,8.36,1,0,2,2020-05-10 07:50:47.539616,1015211.49
2084,2,2.0,1977,48,5.1,10.17,6.02,5.57,1,1,2,2020-05-23 12:35:25.771476,873013.56
1085,4,4.0,1972,53,6.45,0.91,7.84,5.46,1,1,1,2022-01-27 05:11:03.552960,846302.12
2194,3,1.5,1966,59,7.23,14.97,3.66,9.37,1,1,1,2023-10-06 04:57:50.892410,1476387.18
1215,4,2.5,1962,63,4.45,10.65,8.4,9.01,1,1,2,2020-07-07 01:36:04.804003,710299.81
2272,4,2.0,1963,62,8.82,1.9,3.11,8.07,1,1,1,2020-07-31 19:29:46.488740,1357456.25
2495,2,1.0,1960,65,6.11,1.26,5.69,3.67,1,0,2,2021-08-31 17:48:53.444537,1100376.12
1308,2,1.0,1977,48,4.96,3.04,2.53,5.91,1,1,1,2022-10-19 19:39:22.969140,790206.1
2378,4,3.5,1991,34,1.61,29.86,5.02,3.02,1,0,1,2023-10-22 16:53:38.682235,880619.02
2048,3,2.5,2010,15,5.18,2.37,3.52,5.0,1,0,2,2021-12-25 05:19:27.973311,1065628.82
2293,2,2.0,2013,12,8.39,4.87,3.03,5.36,1,1,2,2020-11-24 07:00:21.017514,1308700.89
2938,6,3.0,1980,45,6.53,0.5,9.69,8.48,1,0,2,2021-05-26 09:49:41.484570,1415755.08
1653,2,1.0,2022,3,8.49,4.05,2.02,9.06,0,1,1,2025-02-10 11:16:09.808173,1551140.36
1348,4,2.5,1959,66,5.45,6.78,7.98,4.73,1,1,1,2025-01-01 21:02:15.112593,906080.88
1266,6,3.0,1957,68,2.07,24.48,9.85,1.16,1,1,1,2021-02-27 23:23:58.198498,474316.76
1311,3,1.5,1970,55,1.12,5.82,0.69,8.76,1,0,1,2024-05-02 17:16:27.823186,713524.93
1754,2,1.5,2008,17,3.73,13.68,7.14,2.57,1,0,2,2023-01-07 00:07:12.360300,802724.72
2005,2,2.0,1999,26,7.28,6.34,2.9,6.6,0,1,2,2022-01-22 06:24:19.216013,1171139.9
1966,3,3.0,2018,7,8.11,0.5,0.88,1.22,1,1,1,2021-12-26 20:55:02.752293,1233737.28
2296,2,2.0,2019,6,3.66,3.03,4.33,4.6,1,0,2,2022-10-06 14:54:44.737281,992163.45
1808,4,4.0,1979,46,5.46,6.86,9.38,9.87,1,0,1,2022-01-18 23:13:09.658048,1092202.44
2672,2,2.0,1966,59,4.79,24.06,0.61,1.91,1,1,2,2025-01-26 14:55:56.797331,1322000.0
1641,3,2.0,2024,1,4.69,15.68,6.08,4.81,1,0,1,2020-06-05 17:20:04.003336,738921.41
3432,6,3.0,1969,56,3.08,2.07,5.26,3.76,0,1,2,2025-05-05 14:30:43.536280,1483682.36
2175,4,3.5,1997,28,2.23,1.99,8.8,9.15,1,1,1,2020-08-22 06:12:18.615512,841610.47
1286,4,4.0,2022,3,2.77,1.8,1.3,8.82,1,1,1,2021-04-08 13:37:52.894078,743985.93
1157,3,3.0,1951,74,1.5,20.46,6.97,3.14,1,0,1,2022-12-05 00:15:36.780650,452395.68
2089,4,2.5,1986,39,2.78,15.32,6.96,1.73,1,0,1,2021-11-22 05:27:52.393661,745658.18
1666,3,2.0,1950,75,1.08,11.93,6.86,6.64,1,0,1,2024-04-09 14:58:20.917431,676729.76
2228,3,3.0,1953,72,6.65,3.99,9.45,4.03,1,1,1,2022-07-11 04:29:01.451209,1118160.32
2084,2,1.5,2003,22,3.85,5.62,8.32,7.05,1,1,1,2022-05-16 02:19:18.965804,978862.44
1756,5,3.0,1974,51,9.76,4.99,0.9,1.29,1,1,2,2024-12-31 05:26:40.333611,1519858.94
1292,3,2.5,1952,73,2.74,2.34,4.98,2.2,1,1,1,2021-12-02 03:01:21.067556,577616.05
891,2,2.0,1958,67,4.11,5.63,4.28,7.18,1,0,2,2022-04-11 10:52:08.607172,567013.79
1532,3,3.0,2023,2,4.22,0.5,3.45,2.91,1,1,1,2020-05-26 19:46:35.329441,749481.0
2314,3,1.5,1983,42,1.08,1.13,4.79,8.72,0,1,3,2025-05-03 22:55:08.757297,1081643.66
1928,4,3.0,1992,33,8.55,17.41,4.15,1.53,0,1,3,2023-04-11 00:55:14.762301,1291772.62
1053,4,3.5,2023,2,1.29,11.14,4.61,2.94,0,0,1,2024-01-18 03:19:21.968306,515819.32
1904,4,2.0,1971,54,9.46,4.4,9.8,9.99,1,1,2,2024-09-19 22:40:44.036697,1686521.0
2031,1,1.0,2019,6,9.03,5.82,1.34,4.9,0,1,1,2022-12-14 21:49:05.454545,1391562.08
1270,3,2.5,1951,74,5.82,3.7,9.26,7.33,1,1,3,2022-04-18 01:14:27.723102,862430.07
1892,3,1.5,2015,10,5.89,10.8,5.06,2.64,1,0,2,2023-01-03 16:56:02.802335,1029953.27
1835,1,1.5,1981,44,6.88,12.27,6.43,6.49,1,1,1,2023-10-19 09:42:29.124270,1141852.81
1114,3,2.0,1965,60,4.48,11.53,8.39,7.53,1,0,1,2023-08-27 14:43:56.196830,718615.27
2015,4,2.5,1950,75,6.83,10.26,3.92,3.83,1,1,1,2023-12-01 07:07:33.377814,1183018.21
2136,2,1.5,2021,4,1.4,1.83,4.59,8.46,1,1,1,2024-05-27 11:10:09.507923,942224.64
2450,3,2.0,1997,28,1.49,3.3,4.39,6.43,1,1,2,2022-04-24 15:36:46.839032,871742.31
2432,3,3.0,1999,26,5.12,5.08,4.06,4.5,1,1,1,2024-10-16 08:10:00.500417,1344666.25
973,1,1.5,1962,63,5.95,3.21,9.29,6.02,1,1,1,2022-01-09 01:39:40.984153,687403.77
1237,3,1.5,1964,61,8.99,11.25,8.37,6.19,1,0,1,2020-02-11 05:49:29.474562,927094.01
2109,6,3.0,2002,23,1.94,3.2,1.54,2.49,1,0,1,2021-01-14 10:23:19.165971,789403.22
2108,4,2.0,1993,32,8.4,1.19,1.53,4.62,1,1,1,2024-05-04 08:52:02.602168,1480978.92
2109,5,3.0,1957,68,2.89,4.07,4.56,4.09,1,1,2,2022-05-30 22:39:31.976647,863932.31
4112,3,1.5,2023,2,4.55,31.26,1.44,4.61,0,0,1,2020-09-07 18:08:06.405337,1433777.99
2143,2,1.5,1995,30,3.85,2.05,6.38,7.85,1,0,2,2021-01-09 11:36:34.829024,922591.69
2481,3,1.5,2018,7,4.6,7.58,1.87,5.34,1,1,1,2024-11-06 18:52:32.627189,1322729.55
2372,3,1.5,1968,57,2.35,4.54,5.46,9.46,1,1,1,2024-04-04 16:11:36.580483,1114612.89
2191,4,2.5,1987,38,5.53,0.59,0.57,3.64,1,1,2,2021-02-09 19:52:35.629691,1084348.31
1611,2,1.0,1960,65,8.21,5.35,3.51,4.74,1,0,1,2020-03-25 03:14:33.728106,962072.85
2255,3,1.5,1992,33,4.97,9.69,6.93,8.08,1,1,1,2024-01-08 05:45:53.294412,1190673.45
1336,2,1.5,1969,56,5.42,5.76,5.1,5.91,1,1,2,2022-11-05 07:35:10.758965,863722.35
1658,3,3.0,1969,56,8.64,16.45,9.79,5.92,1,1,1,2022-01-28 20:46:38.331943,1123356.82
1509,4,3.5,1970,55,7.35,2.73,8.8,1.48,0,1,1,2021-07-16 13:12:39.633027,866456.3
1849,3,2.0,2006,19,5.41,0.72,3.91,4.59,1,0,2,2022-09-08 13:49:53.494578,1017954.23
3189,3,2.0,1999,26,3.32,22.06,0.93,3.44,1,1,2,2022-06-08 04:37:25.871559,1194263.9
680,3,2.5,2023,2,8.96,3.8,8.53,9.99,0,0,1,2021-03-23 01:42:05.104253,1006436.69
2212,3,3.0,1975,50,6.19,6.87,9.16,3.78,1,0,1,2022-05-17 17:54:53.744787,1087966.72
832,4,2.5,1979,46,2.99,12.56,8.3,8.96,1,1,1,2024-04-07 23:22:46.138448,618427.8
1517,5,4.0,2022,3,3.42,3.14,1.72,7.09,1,1,1,2022-10-03 07:43:35.179316,896036.85
2453,5,3.5,1980,45,8.23,10.07,9.98,4.07,1,1,2,2023-12-17 19:03:21.167639,1551831.02
1839,4,3.5,1991,34,1.4,1.16,2.96,5.89,0,1,2,2022-03-12 18:11:42.585487,772193.24
1153,3,3.0,2017,8,9.93,2.75,7.38,8.56,1,0,2,2023-04-29 04:26:37.331109,1367359.21
1371,4,3.5,2010,15,2.17,1.25,9.13,8.95,0,1,1,2024-03-17 12:40:14.011676,849608.29
2208,3,3.0,2010,15,8.16,13.34,2.74,2.44,1,0,1,2021-09-15 14:09:06.455379,1284713.97
1362,3,1.5,2019,6,4.55,2.01,9.13,4.06,1,1,2,2022-06-18 02:10:54.545454,714321.29
1930,4,2.0,2017,8,5.43,10.11,3.44,4.02,1,0,1,2023-08-11 02:48:08.407005,1039908.15
1827,1,1.0,1966,59,8.93,22.96,9.78,1.38,0,1,2,2020-01-27 09:29:16.463719,905442.79
1409,5,3.0,1968,57,4.72,6.0,3.17,6.38,0,0,2,2021-09-28 18:53:44.687239,779293.9
3086,3,2.0,2000,25,5.84,6.21,9.56,8.69,1,1,3,2023-03-18 22:37:07.856547,1568370.93
2180,4,4.0,2019,6,1.44,4.94,1.01,4.43,1,1,1,2024-08-01 10:53:20.667222,1017193.23
600,4,3.5,2012,13,1.02,3.15,7.24,7.66,0,1,1,2023-11-16 10:47:20.366972,475072.4
1912,5,3.5,2024,1,3.2,5.16,5.56,6.65,0,1,2,2022-03-11 02:36:07.806505,914269.99
1403,4,2.0,1979,46,7.13,7.39,5.04,4.38,0,1,2,2023-04-22 14:04:18.215179,1059664.74
2311,4,3.0,1974,51,2.09,34.14,2.62,2.27,1,1,2,2023-12-16 03:27:46.388657,982609.92
1324,2,1.5,2024,1,2.02,22.21,7.2,7.38,1,1,1,2024-09-24 21:27:28.373644,658624.44
1731,3,1.5,2020,5,4.7,15.85,2.31,8.69,0,1,2,2023-06-04 11:29:22.468723,1066341.84
2103,2,2.0,1975,50,6.83,17.6,5.75,7.17,1,0,2,2020-03-02 00:56:26.822351,1030196.15
2319,4,2.5,2005,20,7.41,5.05,2.91,1.16,0,0,1,2024-03-19 04:15:48.790658,1380078.1
1080,3,1.5,1971,54,2.61,8.57,9.58,2.95,1,0,2,2023-01-23 12:03:00.150125,435471.9
1599,4,4.0,1968,57,1.72,18.04,0.77,1.63,1,0,2,2024-07-07 16:59:38.982485,678570.06
1515,1,1.0,1980,45,9.46,3.99,2.4,6.13,1,1,1,2020-01-09 05:57:53.894912,1038710.61
1408,2,1.5,1975,50,3.35,26.11,2.8,7.81,1,0,1,2022-08-16 11:31:46.588824,709954.53
2859,4,3.5,1991,34,8.68,4.3,4.43,2.0,1,0,2,2023-06-24 06:36:19.816513,1680395.31
2043,2,1.0,1990,35,8.77,7.35,2.71,8.55,1,0,1,2024-01-21 10:30:31.526271,1460169.71
1043,2,2.0,1972,53,7.95,9.9,5.17,6.0,1,1,2,2022-07-04 14:06:42.335279,943980.28
2351,1,1.5,1996,29,2.52,24.06,8.79,7.21,1,1,1,2024-08-16 07:13:33.678065,947804.29
3073,5,5.0,1962,63,8.4,2.24,7.26,9.74,1,0,1,2021-01-06 04:25:25.271059,1728102.05
2419,4,2.5,2015,10,7.92,10.97,6.01,1.75,1,1,3,2021-12-28 12:30:37.531276,1354107.19
888,3,2.0,2015,10,6.37,5.89,1.35,9.11,1,0,3,2020-10-07 10:48:32.427022,807330.02
1509,3,1.5,1965,60,4.03,2.5,7.09,2.13,0,1,1,2024-01-23 02:06:06.305254,663287.74
2560,3,2.0,2022,3,3.36,11.99,2.08,4.54,1,1,2,2024-05-22 12:23:25.170975,1177384.54
1375,4,2.5,1977,48,2.1,6.43,7.97,8.66,1,0,1,2025-05-25 09:37:40.884070,761333.37
2066,4,3.5,1984,41,5.59,8.65,2.88,9.16,1,1,1,2021-03-24 17:17:39.883236,1157660.5
2265,2,1.5,1990,35,6.27,3.12,4.46,5.56,1,1,1,2021-02-08 04:17:00.850708,1103827.67
1244,2,1.5,1980,45,4.23,5.25,3.83,6.35,1,1,1,2022-05-21 01:06:03.302752,750462.11
1764,2,1.5,1981,44,5.28,7.69,8.66,7.37,1,1,2,2021-05-29 17:00:51.042535,848412.63
600,4,3.5,2003,22,4.27,4.15,1.7,8.49,1,0,2,2024-02-13 12:48:38.432026,776723.65
1185,4,2.5,2021,4,6.77,1.77,5.87,2.09,1,0,3,2023-05-27 05:31:28.573811,976405.41
1648,3,2.5,2008,17,9.11,26.09,1.85,8.29,1,0,2,2025-03-10 12:21:01.050875,1491859.88
1051,1,1.5,1990,35,2.48,5.73,7.2,5.33,0,0,1,2021-09-22 04:31:25.571309,471207.97
2779,2,1.5,2015,10,4.43,10.59,9.1,5.06,1,0,2,2023-02-25 11:54:35.729774,1186754.47
942,5,4.0,2003,22,2.27,4.24,4.63,4.82,1,1,3,2021-07-03 08:28:01.401167,570718.22
1536,3,1.5,1989,36,6.62,3.51,5.14,5.58,0,0,2,2025-03-18 18:18:54.945788,1098740.82
1878,4,2.0,1977,48,7.56,4.18,9.31,9.51,1,1,2,2024-11-05 03:16:57.848206,1495407.68
2665,4,4.0,1986,39,9.39,4.21,5.45,5.93,0,1,3,2024-02-01 23:39:34.979149,1828037.83
938,3,2.0,2014,11,3.51,6.29,5.13,9.58,1,1,1,2020-11-22 15:24:46.238532,660747.89
2498,3,2.0,2023,2,9.55,6.27,5.99,2.62,0,1,2,2021-01-21 00:45:38.281901,1482113.6
1806,2,1.5,2004,21,1.57,5.5,7.05,7.52,0,1,2,2024-02-05 06:50:44.537114,757800.21
1211,4,3.5,1953,72,6.43,1.16,1.52,8.31,0,1,3,2020-09-19 07:17:09.858215,973144.7
2077,4,3.5,1959,66,1.51,5.48,8.3,7.11,0,1,1,2022-12-08 07:26:46.338615,833189.27
1919,4,3.0,1996,29,9.04,1.48,4.64,6.46,1,1,2,2021-02-01 13:54:41.734778,1351108.28
1440,3,2.0,2024,1,5.77,1.08,1.19,6.08,1,1,2,2020-11-09 10:40:08.006672,895990.99
1842,1,1.0,1963,62,7.02,21.58,7.97,8.75,1,0,1,2023-01-10 07:18:21.918265,1164299.54
1569,5,4.0,1987,38,8.48,7.43,4.08,8.39,1,1,2,2023-11-18 02:22:55.145954,1383087.61
1868,4,3.5,1961,64,2.35,8.62,1.45,2.1,1,1,1,2025-02-07 04:05:00.250208,912500.13
2197,3,2.0,1994,31,1.35,4.11,6.52,8.64,1,0,1,2020-04-05 16:23:37.180984,739688.01
2752,6,3.0,1966,59,8.91,19.17,8.86,4.73,0,0,1,2020-02-17 20:11:48.590492,1319561.74
1057,4,3.5,1984,41,3.83,8.13,8.93,3.28,1,1,2,2023-03-07 09:28:04.403669,639896.77
3080,4,4.0,2015,10,2.16,11.73,9.6,8.83,1,1,1,2020-11-30 21:22:40.133444,1121556.7
629,4,4.0,2024,1,5.22,3.68,8.74,4.89,1,0,1,2021-03-09 20:57:26.872393,561242.15
1709,4,3.5,1990,35,6.38,25.75,0.52,8.28,1,1,1,2022-04-09 19:16:33.828190,1157089.33
2153,4,2.5,2016,9,1.28,13.74,4.11,3.37,1,1,1,2023-03-28 20:10:36.530442,849876.03
1969,2,1.5,1978,47,3.47,15.39,8.28,1.04,1,1,1,2025-05-13 20:28:37.431192,795672.73
1426,3,2.5,1967,58,1.3,1.51,3.98,5.46,1,1,1,2021-06-21 19:18:57.948290,635408.65
1675,5,5.0,1969,56,4.78,2.53,6.21,1.9,1,1,2,2024-02-06 22:26:19.316096,929651.77
1504,3,1.5,1963,62,9.06,2.69,6.26,7.79,1,1,2,2020-04-25 11:30:34.528773,1086127.26
1446,3,1.5,1983,42,9.84,2.53,3.97,3.48,1,0,1,2023-11-03 06:02:42.135112,1323171.62
2310,3,2.5,1998,27,6.73,15.47,9.09,4.99,1,1,1,2024-11-18 08:01:36.080066,1328796.85
2014,3,2.0,2003,22,2.45,0.5,5.28,1.78,0,1,2,2021-05-04 23:07:09.357798,746611.64
1384,4,3.0,1980,45,9.15,0.63,4.92,3.58,1,1,1,2023-08-17 17:10:27.522935,1264573.04
2340,5,4.5,2007,18,5.65,2.56,9.98,8.03,1,1,3,2022-08-23 01:54:05.704753,1309314.66
1984,3,2.0,1991,34,2.38,1.78,5.19,2.36,1,0,2,2023-10-21 01:18:03.903252,855151.11
2288,2,2.0,2007,18,9.3,2.11,2.19,6.82,0,1,1,2023-03-10 16:39:13.961634,1629910.07
2178,2,1.5,1979,46,7.82,12.79,5.37,9.26,1,0,1,2023-06-20 23:25:10.258548,1432465.76
1303,5,4.0,1974,51,7.59,6.62,8.23,7.12,1,0,2,2020-09-12 16:54:50.742285,981482.9
1464,4,3.0,2012,13,7.38,0.5,7.88,8.3,1,0,1,2023-02-08 23:58:47.939949,1231295.39
2248,3,3.0,1968,57,2.8,4.49,7.99,1.98,1,0,1,2024-12-01 12:46:14.311926,965536.77
2166,4,2.5,2021,4,2.9,4.19,7.23,3.26,1,1,1,2022-02-22 14:40:20.016680,845940.91
1787,5,4.0,1957,68,7.19,0.97,2.92,9.05,0,0,2,2020-04-13 22:21:31.075896,1141702.38
1870,4,4.0,1952,73,2.98,9.02,8.69,7.44,1,0,2,2024-08-11 08:26:49.341117,921501.3
2567,5,3.0,2016,9,4.95,9.69,8.99,6.76,1,1,1,2020-07-13 15:58:23.919933,1067254.44
1445,3,2.0,1966,59,8.04,10.21,2.34,6.97,1,0,2,2023-05-12 09:11:15.562969,1179295.63
2128,4,3.0,1963,62,8.06,10.43,1.74,4.73,0,0,1,2024-11-23 06:48:20.417014,1455166.18
1679,3,2.0,1958,67,5.08,0.5,9.77,1.4,1,0,2,2022-05-12 19:08:09.407839,818133.8
1669,4,2.0,2011,14,8.13,24.62,8.75,8.06,1,0,1,2020-02-12 21:25:04.253544,1059826.74
2459,4,2.5,1970,55,8.55,13.47,8.99,7.11,1,0,2,2025-04-19 02:34:55.746455,1648092.33
2295,4,4.0,1986,39,6.89,18.75,8.92,5.26,1,0,3,2020-02-02 23:51:35.579649,1061876.84
2288,4,4.0,1960,65,3.06,0.5,5.65,9.1,0,1,1,2024-08-06 09:40:05.004170,1156120.31
2583,2,1.0,1969,56,3.47,21.73,6.64,4.03,1,0,1,2021-09-08 23:46:47.339449,872010.69
1813,3,2.0,1984,41,3.83,13.28,5.68,3.65,1,0,1,2020-11-11 02:15:42.785654,724636.05
2209,6,3.0,2002,23,2.05,14.52,0.99,8.86,1,1,1,2020-02-14 13:00:39.032527,863538.65
1614,5,5.0,1996,29,3.46,0.78,7.58,8.17,1,1,1,2021-01-30 22:19:06.955796,831694.57
1994,1,1.0,2024,1,2.89,10.74,5.3,5.63,1,1,2,2023-12-04 14:18:42.935779,934374.65
1722,2,2.0,2001,24,5.1,25.73,6.65,2.18,1,1,3,2023-12-24 09:25:40.283569,802873.71
1858,2,1.5,1957,68,9.18,9.08,5.28,2.94,1,0,1,2022-11-02 00:24:01.201000,1276497.25
2157,4,3.5,1953,72,1.94,6.76,5.17,6.91,1,1,2,2021-01-01 05:38:40.934111,808876.46
1309,4,2.5,1976,49,7.48,23.3,2.13,4.47,1,0,2,2021-10-23 12:47:26.371976,928092.83
3055,3,2.0,1993,32,7.19,4.68,3.15,8.53,0,0,2,2021-01-17 17:34:28.723936,1486768.46
1196,3,1.5,1989,36,1.86,7.32,2.01,9.55,1,1,1,2021-11-09 00:43:14.161801,692657.08
1071,4,2.5,1996,29,9.3,5.18,2.36,8.25,0,1,1,2025-01-11 18:35:43.786488,1316181.77
2495,4,2.0,1993,32,6.12,21.61,9.74,4.4,1,1,1,2024-05-20 20:47:50.391993,1293896.82
2275,3,1.5,1997,28,4.27,0.63,1.95,8.1,1,1,1,2025-03-25 08:41:14.061718,1345593.94
2174,4,3.0,2001,24,7.81,5.56,3.06,4.16,1,0,2,2022-11-25 02:42:08.106755,1321469.71
2177,3,2.5,2017,8,3.32,9.29,6.11,2.5,1,1,2,2021-07-01 16:52:26.622185,827839.02
1793,3,2.0,1960,65,7.24,12.56,6.3,1.3,1,1,1,2024-11-26 13:59:29.974979,1127189.91
1262,4,3.5,2022,3,1.36,7.0,1.96,4.47,1,1,1,2021-01-07 20:01:00.050041,550856.37
1845,4,3.5,1953,72,8.55,19.17,8.04,9.13,1,1,3,2024-03-29 01:49:17.464553,1454782.84
1394,5,3.0,2022,3,5.03,22.78,7.96,3.15,1,1,2,2020-12-28 22:27:31.376146,718270.19
2385,4,4.0,1997,28,6.73,0.53,2.75,2.86,1,0,2,2022-02-04 11:08:57.447873,1317142.09
1712,4,2.5,1975,50,2.99,4.12,3.24,9.73,0,1,1,2025-01-18 08:58:02.902418,1015564.34
1305,2,1.5,1988,37,7.09,0.5,9.41,1.23,0,0,2,2020-06-23 20:51:26.572143,747763.36
1607,3,3.0,2007,18,7.95,3.2,8.34,8.07,0,0,2,2020-06-13 23:17:57.898248,1042877.85
2048,1,1.0,1968,57,5.26,6.16,7.13,3.89,1,1,2,2023-06-29 05:23:04.153461,943299.34
1462,3,2.0,2007,18,6.56,19.33,1.28,1.34,1,0,1,2021-09-07 08:11:12.560467,903199.18
1307,4,2.5,1977,48,5.11,15.0,4.47,9.26,1,1,1,2021-05-31 08:36:25.821517,817700.33
1946,6,3.0,2015,10,9.05,1.09,5.81,2.26,1,0,1,2024-07-09 08:35:13.761467,1492565.83
1947,2,2.0,1959,66,5.48,0.78,2.28,5.97,0,1,2,2020-03-23 11:38:58.949124,876265.62
1496,3,2.0,2007,18,8.58,7.12,4.76,3.47,1,0,3,2025-01-13 10:11:18.565471,1336404.61
1517,4,3.5,2022,3,8.21,6.08,6.21,1.59,0,0,3,2021-11-20 13:52:17.614678,1072676.91
1939,3,2.0,1963,62,4.69,2.48,3.61,1.45,1,0,3,2022-06-14 18:59:44.987489,898344.0
931,4,2.5,1964,61,3.07,18.38,7.92,2.04,1,1,1,2021-01-27 15:07:57.397831,394138.18
956,4,2.5,1982,43,4.65,20.98,8.48,1.64,0,0,1,2021-02-24 16:12:48.640533,490279.83
1369,4,4.0,1966,59,8.44,4.12,3.57,7.85,1,1,1,2022-08-28 00:40:50.041701,1222936.37
1672,2,1.0,1973,52,3.05,17.68,8.47,5.37,0,0,1,2020-09-17 15:41:35.079232,629292.67
1987,3,2.5,1979,46,5.72,3.88,1.48,4.09,1,0,2,2024-03-24 03:02:33.127606,1183373.13
2685,4,2.0,2011,14,8.25,10.68,8.46,4.77,0,0,2,2025-03-08 20:45:26.271893,1759581.5
2315,4,3.5,1962,63,4.18,5.17,1.95,9.36,1,1,1,2022-06-23 00:57:38.882402,1214395.17
1704,1,1.5,2011,14,6.78,1.05,1.29,9.2,0,1,2,2023-02-28 19:05:45.287739,1234427.15
1789,4,2.5,1996,29,3.21,21.04,6.6,7.44,1,1,3,2021-03-31 07:39:58.999165,773693.46
1198,1,1.0,1965,60,1.98,4.84,4.98,8.96,1,0,1,2023-07-04 04:09:48.490408,617201.32
1789,4,3.0,2015,10,8.15,10.61,9.12,3.88,1,1,1,2025-02-23 16:00:48.040033,1393220.0
1627,3,3.0,1992,33,1.89,3.66,3.95,4.43,1,1,1,2020-12-25 15:16:21.818181,627569.91
1994,5,3.0,1957,68,3.44,0.5,3.23,6.52,1,0,1,2021-05-24 18:14:06.705587,914814.93
1304,3,2.0,1952,73,8.7,0.85,5.26,6.61,1,1,2,2022-10-13 05:17:03.853211,1201338.82
2112,3,1.5,1961,64,4.12,5.48,4.83,5.34,0,1,1,2022-01-07 10:04:06.205170,969762.66
2720,2,1.0,1965,60,9.76,9.37,3.77,4.61,1,0,1,2024-08-14 15:37:58.899082,1848874.27
1735,3,2.0,2008,17,9.82,3.26,7.09,9.88,1,0,3,2024-10-09 17:47:41.384487,1768770.91
2041,5,5.0,1998,27,3.41,9.51,7.72,8.39,1,0,2,2020-11-02 20:17:48.890742,902652.02
2214,6,3.0,2012,13,1.37,9.6,8.6,4.91,1,1,1,2021-12-03 18:36:55.846538,819598.59
1559,3,2.5,2011,14,7.35,9.74,9.74,7.55,0,0,3,2025-03-22 01:30:04.503753,1303037.93
1934,3,2.0,1998,27,5.06,5.43,3.03,3.43,1,0,1,2021-06-25 02:30:07.506255,882710.91
1808,4,4.0,2000,25,1.91,19.71,7.3,1.9,1,0,1,2021-01-19 09:10:03.502919,590554.67
1859,5,5.0,1982,43,7.37,5.37,4.25,4.17,1,0,2,2024-03-09 06:42:20.116763,1386346.76
1336,4,4.0,1979,46,1.28,4.79,6.93,4.63,1,0,1,2022-07-24 09:13:39.683069,547728.81
1815,3,1.5,2008,17,8.83,1.78,5.02,1.15,0,1,2,2024-03-04 07:55:35.779816,1300160.45
2099,3,1.5,1964,61,2.25,2.94,9.94,8.33,1,0,1,2021-02-21 09:01:39.082568,817166.45
2671,4,2.5,1972,53,2.15,0.5,7.42,4.23,1,1,1,2024-06-29 11:01:45.087573,1141244.03
2376,1,1.5,1994,31,2.58,8.03,9.55,6.22,1,0,2,2023-05-02 11:37:46.889074,918167.85
3092,4,2.0,2011,14,9.64,2.29,8.43,1.67,1,1,1,2022-03-29 06:07:30.375312,1743085.3
1340,3,2.5,2020,5,7.24,2.9,9.08,2.57,1,1,2,2023-10-11 03:44:35.229357,1018098.36
2323,4,2.5,1964,61,8.21,11.79,8.24,9.01,1,0,2,2024-04-24 11:18:33.928273,1615359.09
1910,2,2.0,1995,30,4.58,3.17,4.86,6.48,1,1,3,2024-01-26 09:17:15.863219,1125431.15
3114,4,3.5,2013,12,4.03,2.22,2.89,9.55,1,1,2,2024-11-19 23:37:10.859049,1686896.7
1315,3,3.0,1995,30,3.11,1.48,4.02,9.99,1,1,1,2020-08-10 17:03:15.162635,797857.88
1296,4,2.5,2005,20,5.33,11.93,0.69,4.35,1,1,2,2024-07-11 00:10:48.540450,926493.29
1440,2,1.5,1993,32,5.97,1.11,5.48,3.69,1,1,2,2023-01-18 13:16:15.813177,901859.68
600,4,2.0,2024,1,6.69,4.84,5.3,8.73,1,1,2,2024-06-17 21:52:41.634695,940038.3
1485,4,3.0,1978,47,3.31,5.66,5.49,9.99,1,1,2,2023-06-02 19:53:47.689741,884023.56
1345,4,2.5,2011,14,9.54,9.3,9.75,6.67,1,1,2,2022-09-05 06:38:43.936613,1250275.32
1890,4,3.0,2001,24,2.53,8.03,9.16,8.16,1,1,1,2024-07-14 07:21:58.098415,963845.37
2005,4,2.5,2003,22,9.69,13.32,2.04,8.04,1,1,2,2020-04-20 12:43:50.191826,1387729.3
2926,4,4.0,2006,19,1.13,0.5,4.0,4.2,1,1,1,2020-05-13 15:01:57.097581,1007220.9
2370,3,3.0,2015,10,5.33,2.81,4.53,6.17,1,1,1,2020-12-04 04:33:49.691409,1143965.73
1454,4,2.0,1971,54,4.0,2.63,3.93,8.5,0,0,2,2020-11-19 08:13:36.680567,801553.54
1261,3,2.5,1969,56,5.04,1.26,8.09,7.19,1,1,1,2020-09-30 20:26:13.311092,736535.84
2095,2,1.0,1982,43,6.14,2.73,5.48,1.19,1,0,1,2024-07-22 13:19:51.993327,1176073.54
1008,2,1.5,2021,4,4.92,2.97,5.93,4.03,1,1,1,2020-03-13 14:05:30.275229,655413.91
2899,3,1.5,1974,51,4.73,5.9,8.6,2.3,1,0,2,2021-07-14 21:37:04.854045,1102151.14
2508,4,2.0,1995,30,7.59,8.72,8.16,3.1,1,0,1,2020-09-02 19:21:22.068390,1161258.07
1518,4,3.5,2022,3,7.17,3.84,1.76,9.15,0,1,2,2023-02-05 16:47:38.381985,1285730.46
772,4,3.5,2006,19,8.5,10.17,7.28,1.33,1,0,1,2021-12-16 23:21:34.078398,806341.36
2612,3,2.5,1954,71,3.25,3.28,4.64,2.98,1,1,1,2025-02-28 14:47:32.376980,1177811.04
1731,3,2.5,2004,21,6.49,2.74,3.3,3.79,1,1,1,2025-05-17 03:39:46.989157,1256628.57
2543,2,1.5,2010,15,6.27,6.23,0.98,6.55,1,0,2,2024-10-29 12:54:38.732276,1541388.22
843,3,2.5,1957,68,4.33,0.5,5.13,5.81,1,0,1,2021-05-16 12:16:12.810675,581912.97
1440,3,2.5,1965,60,5.37,0.67,3.88,2.96,1,1,3,2024-04-01 09:00:27.022518,929471.85
1803,2,1.5,1997,28,3.82,4.33,2.89,2.48,1,0,3,2024-07-06 01:24:04.203502,916016.64
1828,3,2.5,2010,15,2.28,22.91,7.1,3.13,1,1,2,2023-02-22 04:43:26.171809,773512.09
1530,4,2.5,1964,61,2.92,10.23,7.81,5.52,1,1,3,2022-04-16 09:38:52.944120,729212.2
2174,4,2.0,2014,11,1.95,0.74,2.83,3.44,1,0,1,2022-04-27 22:47:56.396997,878489.59
1159,6,3.0,1971,54,7.15,14.98,0.97,9.53,0,0,2,2022-07-17 18:51:20.567139,1081119.96
1715,5,4.5,1952,73,6.95,10.54,8.56,5.17,0,1,2,2024-10-13 00:58:50.942452,1190079.38
1872,4,2.0,2003,22,9.56,7.55,0.59,1.53,1,1,2,2020-04-22 04:19:24.970809,1185164.16
2109,3,1.5,1963,62,7.57,13.73,9.4,7.56,1,0,2,2024-02-03 15:15:09.758131,1325791.5
2227,4,4.0,1985,40,1.47,4.14,6.46,3.96,1,0,2,2024-10-03 03:25:22.268557,942054.87
1125,4,2.0,2016,9,8.96,2.0,3.56,6.88,1,1,3,2020-09-16 00:06:00.300250,1079842.72
880,2,1.0,1959,66,8.76,5.74,2.84,3.52,1,1,1,2024-02-28 09:08:51.442869,1003351.15
2567,3,3.0,1998,27,4.99,6.37,0.59,6.14,1,0,2,2020-04-17 05:32:40.633861,1093888.73
1999,4,2.5,2014,11,6.27,6.18,2.74,7.95,0,1,2,2020-08-17 07:25:34.278565,1095304.79
1351,3,2.0,2006,19,9.78,6.66,1.81,9.35,1,1,2,2025-02-12 02:51:44.587155,1658991.43
2731,4,4.0,1976,49,5.79,23.76,6.32,3.35,1,1,1,2023-04-07 17:44:05.204336,1289791.37
1869,4,2.5,2024,1,9.15,18.6,2.08,4.01,0,1,2,2024-03-01 00:44:26.221851,1522433.28
2508,2,1.5,1954,71,1.75,16.68,5.52,5.18,1,1,3,2024-12-09 18:44:08.206839,994846.32
1841,3,2.5,2020,5,2.72,12.93,6.11,9.34,1,1,1,2020-10-10 17:59:41.984987,780618.44
3036,3,3.0,2006,19,4.97,22.98,3.33,9.11,1,1,2,2022-04-23 00:01:12.060050,1457598.96
2853,1,1.5,1964,61,6.26,0.83,0.83,1.81,0,1,1,2024-11-11 17:39:16.964136,1495133.76
1651,1,1.0,1979,46,8.35,2.46,0.85,2.19,1,1,3,2022-08-24 17:29:40.483736,1178246.82
2383,4,2.5,1969,56,9.89,5.47,0.75,5.46,1,1,1,2025-02-02 05:18:15.913261,1875308.11
2187,3,3.0,1986,39,4.5,14.99,7.52,1.96,0,0,1,2021-06-16 20:32:13.611342,845574.11
2621,3,2.5,1952,73,1.43,5.63,3.52,4.11,1,0,1,2024-11-01 20:05:48.290241,1026350.07
1221,3,3.0,2022,3,8.21,11.03,8.06,2.34,1,1,2,2022-10-04 23:19:09.958298,1024707.64
2212,5,3.0,1990,35,6.44,1.2,4.6,6.72,1,0,1,2020-10-12 09:35:16.763969,1125303.6
2435,3,1.5,1988,37,2.79,2.33,4.8,9.55,1,1,2,2023-08-01 05:14:39.733110,1161518.6
745,3,2.5,1975,50,5.45,10.53,5.37,9.97,1,0,3,2022-02-09 09:55:41.784820,699314.23
1090,5,3.5,1951,74,7.68,1.44,7.27,4.38,1,1,2,2021-04-28 08:44:50.241868,895058.78
600,4,2.5,1972,53,7.93,3.46,3.1,6.39,1,0,1,2021-11-12 07:54:23.719766,756999.58
1638,2,1.0,1972,53,5.5,2.46,1.66,8.71,1,1,3,2020-06-18 22:04:42.235195,872169.6
2231,4,2.5,1965,60,3.75,3.44,5.78,2.06,1,1,2,2023-09-27 22:59:56.997497,1024916.76
2701,3,1.5,1958,67,9.76,9.86,3.61,7.21,1,0,1,2024-01-01 15:23:34.178482,1843255.17
1844,3,2.5,1962,63,6.97,3.67,4.7,4.68,0,1,1,2022-07-19 10:26:55.346121,1072103.18
2777,2,1.5,1977,48,4.67,6.48,6.65,2.86,1,0,1,2023-04-15 23:41:59.099249,1195504.68
972,2,2.0,1976,49,3.52,0.84,5.19,4.62,1,0,2,2022-08-09 21:09:27.472894,584935.18
778,4,3.5,2000,25,7.58,13.08,6.39,1.68,1,0,1,2024-01-14 20:08:12.410341,833197.85
1767,3,2.0,2013,12,3.18,3.69,5.67,7.26,1,0,1,2022-09-26 17:21:16.063386,865218.12
2030,3,1.5,2001,24,2.55,8.37,7.53,3.27,0,1,2,2024-12-21 07:53:11.659716,947794.51
1780,4,2.5,1987,38,5.77,10.34,7.21,3.8,1,0,2,2022-08-08 05:33:52.693911,939228.19
600,4,4.0,2014,11,3.61,1.88,5.57,2.09,1,1,2,2022-11-26 18:17:42.885738,576057.75
1747,2,1.0,1967,58,6.66,17.28,6.95,8.78,1,0,2,2022-07-12 20:04:36.230191,1057275.2
1017,4,2.5,2012,13,2.06,7.66,8.8,5.44,1,1,1,2022-05-22 16:41:38.081734,468975.97
2202,2,1.5,2000,25,6.89,4.48,4.61,6.15,1,0,2,2022-09-16 19:47:47.389491,1271464.24
2020,4,2.0,1958,67,3.55,1.61,4.42,6.12,1,1,1,2020-06-22 05:15:51.793160,843725.44
1236,4,3.5,1962,63,1.0,22.82,7.76,4.69,1,1,2,2022-01-25 13:35:28.773978,444561.97
1492,5,4.5,1989,36,2.14,11.25,6.03,2.73,1,1,2,2020-08-05 18:16:30.825688,563875.84
1164,2,1.0,2004,21,9.4,1.87,1.17,7.71,1,0,1,2024-03-20 19:51:23.569641,1318807.64
1762,2,1.5,1992,33,8.81,3.3,8.98,2.14,1,1,3,2022-06-01 14:15:06.755629,1170863.97
2373,3,1.5,1993,32,3.1,13.27,0.79,1.93,1,0,1,2023-08-04 12:25:49.291075,890269.52
1209,3,1.5,2017,8,8.01,9.52,7.61,7.39,1,0,1,2023-08-19 08:46:02.301918,1146104.82
2102,3,3.0,1982,43,6.48,11.61,7.71,2.88,1,1,3,2022-08-31 07:51:59.599666,1094463.65
1482,5,3.5,1973,52,9.74,4.66,9.55,3.76,1,1,2,2022-12-28 02:33:43.686405,1224976.64
1324,3,2.0,1985,40,4.36,10.08,1.01,5.28,1,1,2,2022-12-23 03:46:59.349457,828709.26
1736,3,2.5,1959,66,7.13,3.91,6.17,5.04,1,1,2,2022-11-15 05:08:39.432860,1118249.53
1179,4,4.0,1969,56,1.57,1.9,4.56,7.38,1,0,2,2021-07-18 04:48:14.412010,643094.17
1468,3,2.0,2024,1,4.57,8.01,3.64,6.61,1,0,1,2024-09-21 14:16:18.815679,999834.06
1081,4,2.5,1961,64,9.67,29.84,1.36,6.8,0,0,1,2021-01-22 16:21:13.060884,1019685.49
2979,2,2.0,2011,14,5.85,2.98,5.85,7.43,0,1,1,2023-12-22 17:50:05.504587,1551325.43
1821,3,1.5,1967,58,3.59,4.94,5.05,3.63,1,1,1,2024-09-16 15:29:34.478732,907510.15
1380,1,1.5,2012,13,2.08,8.97,1.49,3.9,1,0,2,2023-09-21 08:37:37.881567,612102.6
1928,2,1.0,1974,51,7.33,6.24,6.32,4.94,1,1,1,2024-07-20 21:44:17.214345,1220259.3
1733,5,4.5,1961,64,6.8,14.83,7.51,3.77,0,1,1,2024-08-08 01:15:39.783152,1162781.67
1667,2,1.5,1970,55,4.37,11.48,7.79,9.86,1,1,1,2020-02-19 11:47:23.369474,767240.51
2169,3,1.5,1974,51,9.56,0.5,9.1,8.33,1,1,2,2022-02-12 17:06:51.342785,1521691.66
2255,3,3.0,1960,65,1.2,40.0,4.39,2.48,1,1,2,2022-04-04 20:29:49.491242,741005.4
1482,3,2.0,2013,12,3.73,11.17,9.55,1.05,1,1,1,2022-08-19 18:42:56.146789,640140.0
1455,5,5.0,2022,3,9.29,15.96,8.72,1.39,1,0,2,2021-03-06 13:46:17.314428,1107451.83
1635,1,1.0,1999,26,3.89,8.43,3.32,3.2,1,0,1,2021-04-10 05:13:27.673060,646613.51
600,4,3.5,2011,14,3.27,15.52,2.01,2.03,0,0,2,2021-02-18 01:50:29.524603,416826.34
891,5,3.5,1998,27,5.81,0.95,4.64,5.8,1,1,1,2023-01-20 04:51:50.592160,846628.69
2620,4,4.0,1963,62,8.41,3.42,4.32,8.72,1,1,1,2021-03-26 08:53:14.662218,1571080.76
2787,5,5.0,1950,75,1.93,16.73,5.97,7.63,1,1,2,2023-07-23 23:16:45.838198,1136100.95
1651,2,1.5,1974,51,9.49,1.8,6.04,2.94,1,0,3,2020-03-18 12:52:14.612176,1053356.62
2146,3,2.5,2008,17,8.16,0.65,7.62,4.59,1,1,1,2022-01-04 02:52:56.647206,1345405.04
1987,3,2.0,2021,4,2.63,12.41,5.34,5.57,1,1,2,2020-12-12 10:31:43.586321,786500.16
3647,4,2.0,2018,7,7.41,14.44,1.5,8.29,1,1,2,2023-06-06 03:04:57.247706,1997195.19
2472,6,3.0,1954,71,4.46,1.42,8.65,8.55,1,1,3,2024-06-08 00:19:12.960800,1393414.72
1723,3,2.5,1968,57,4.62,15.41,3.44,9.19,1,1,1,2023-06-14 09:02:51.142618,972782.46
1227,4,4.0,1972,53,8.05,9.29,9.73,5.58,1,0,1,2025-03-20 09:54:29.724770,1169297.33
836,2,1.5,1958,67,9.67,5.87,1.62,7.25,0,0,2,2020-09-09 09:43:41.184320,907238.46
1922,4,2.5,1999,26,2.14,14.19,9.6,2.01,0,0,1,2023-03-22 05:48:17.414512,733336.94
1346,3,1.5,1965,60,4.79,4.35,1.36,6.09,1,1,1,2021-03-28 00:28:49.441201,722336.15
947,6,3.0,1982,43,5.33,1.73,2.69,3.24,0,0,1,2023-01-30 02:25:19.266055,762527.08
1412,4,2.0,1951,74,4.39,2.68,0.94,4.89,0,1,2,2020-10-02 12:01:48.090075,726247.0
1151,3,3.0,1963,62,4.27,5.63,7.2,6.71,1,1,1,2023-01-08 15:42:47.139282,717577.26
2812,2,2.0,1950,75,1.47,6.06,8.58,3.31,1,0,2,2022-03-21 00:09:36.480400,870133.37
2329,2,1.0,2007,18,7.17,13.1,4.62,1.47,1,1,1,2021-10-02 02:04:54.245204,1160896.68
1795,3,3.0,1965,60,4.93,12.54,9.32,1.09,1,0,1,2021-03-29 16:04:24.220183,705956.57
2688,3,2.5,1996,29,2.75,6.97,6.11,1.2,1,0,1,2020-08-27 04:59:02.952460,832022.64
1846,5,4.5,1993,32,8.34,12.14,6.49,1.08,1,1,1,2022-08-13 04:20:37.030859,1222798.77
1283,4,4.0,1963,62,8.22,1.7,8.53,1.99,1,0,2,2024-02-23 10:22:07.105921,1028025.39
2714,3,2.5,1973,52,5.38,0.5,3.32,3.16,1,1,2,2022-02-01 03:57:47.889908,1228232.1
2123,2,2.0,2004,21,3.69,16.55,3.87,2.99,1,1,1,2024-08-22 21:35:52.793995,1074230.49
1178,5,4.5,1964,61,6.74,0.63,9.11,9.88,1,1,1,2022-12-31 09:44:53.244370,1044482.96
1686,4,3.5,2021,4,3.59,2.27,9.06,3.75,1,1,2,2021-05-18 03:51:47.589658,813279.46
1275,2,1.5,1983,42,3.12,9.51,9.78,2.15,0,0,2,2021-05-19 19:27:22.368640,439427.4
970,4,4.0,1951,74,7.57,4.21,9.07,5.91,0,1,2,2021-11-28 19:50:11.509591,872005.19
2356,3,3.0,1976,49,1.36,16.72,1.71,8.72,0,0,2,2021-12-30 04:06:12.310258,918781.97
2946,2,1.0,2023,2,1.85,2.83,8.33,7.1,1,0,1,2020-02-16 04:36:13.811509,945703.37
961,3,3.0,2021,4,1.06,0.5,4.39,3.66,0,0,2,2021-11-30 11:25:46.288573,459605.97
2138,3,3.0,1972,53,2.38,2.86,9.91,6.05,1,0,1,2024-01-04 22:34:43.736447,973465.91
1410,2,1.0,2017,8,1.62,6.9,4.99,7.43,0,1,1,2021-07-21 11:59:23.969974,571234.98
1508,5,3.5,1963,62,9.96,3.77,5.76,7.55,1,0,2,2021-11-02 10:20:55.045871,1343851.17
1445,4,3.0,2012,13,3.6,6.12,5.53,7.0,1,1,3,2021-08-10 07:06:21.317764,804385.95
1282,4,4.0,2014,11,2.34,16.74,3.56,8.84,1,1,2,2024-04-03 00:36:01.801501,793512.49
1829,3,2.0,2017,8,3.17,19.49,1.21,8.83,1,1,1,2021-11-23 21:03:27.172643,890455.12
1301,3,3.0,2012,13,9.43,2.47,9.01,6.21,0,1,1,2024-01-19 18:54:56.747289,1315363.0
1962,4,3.5,2013,12,5.68,4.96,8.13,4.87,1,0,1,2021-08-28 10:37:43.886572,1008212.27
1770,3,2.0,1981,44,4.28,6.37,1.83,6.77,0,1,2,2023-07-19 00:30:01.501251,1059653.83
1657,2,1.5,1962,63,8.86,23.83,7.88,8.36,1,1,1,2022-02-27 13:27:04.353628,1159043.22
1255,3,2.0,2015,10,4.55,40.0,6.45,1.05,1,0,2,2024-07-24 04:55:26.772310,712558.17
1454,4,3.5,1968,57,4.02,2.15,4.39,9.93,0,1,1,2024-06-04 17:08:03.402835,1039163.86
2253,3,3.0,1973,52,2.87,10.39,2.91,2.65,0,1,2,2022-06-09 20:13:00.650542,874774.71
2101,2,2.0,1960,65,4.4,3.8,8.67,5.23,1,0,3,2023-07-12 10:07:42.385321,965112.24
1213,4,4.0,2008,17,3.85,0.5,7.15,8.85,1,0,1,2021-06-10 06:09:54.495412,760446.76
1860,3,2.0,1964,61,7.1,0.5,5.7,3.03,1,0,1,2023-01-31 18:00:54.045037,1105138.66
2251,3,1.5,1959,66,3.61,4.94,6.29,5.29,1,1,2,2025-01-10 03:00:09.007506,1027594.15
798,2,1.5,1990,35,6.19,5.36,1.37,2.19,1,1,2,2021-08-03 16:44:02.201834,610337.69
2126,3,1.5,1976,49,1.59,0.5,5.0,4.56,0,1,2,2022-06-24 16:33:13.661384,753786.61
1402,4,4.0,2009,16,2.72,9.29,2.34,2.59,1,1,2,2024-11-29 21:10:39.532944,837604.05
2142,3,3.0,2022,3,4.67,2.79,2.48,4.27,0,1,1,2024-02-25 01:57:41.884904,1197596.09
1342,3,2.0,2001,24,9.43,6.57,6.78,4.36,1,1,2,2021-07-31 09:32:52.643869,1116768.98
717,5,4.5,1977,48,4.4,2.86,9.16,9.94,1,1,1,2021-09-04 01:00:03.002502,698158.8
823,5,3.5,2014,11,6.98,1.46,4.34,9.95,0,1,3,2024-04-27 18:29:43.486238,1129402.06
1829,5,4.0,1966,59,3.3,4.18,2.47,2.03,1,1,1,2021-06-08 14:34:19.716430,829109.61
1956,3,2.0,1993,32,2.14,2.11,6.66,7.53,1,1,2,2022-01-10 17:15:15.763135,815222.41
1257,3,2.0,1959,66,1.53,6.12,8.78,1.47,1,1,1,2022-11-06 23:10:45.537948,451830.71
2183,6,3.0,2012,13,3.75,1.77,7.61,1.27,0,1,1,2022-04-29 14:23:31.175979,941188.82
803,4,4.0,1996,29,2.42,5.68,8.75,1.95,0,0,1,2022-07-02 22:31:07.556296,362549.4
1760,1,1.0,1987,38,2.57,1.37,5.6,9.69,1,0,2,2022-07-21 02:02:30.125104,912782.75
1073,2,1.0,2019,6,7.85,8.89,7.64,9.47,1,1,2,2022-09-25 01:45:41.284403,1058183.41
1409,3,2.5,2002,23,1.14,11.22,1.83,2.75,1,0,2,2021-02-04 21:05:51.292743,524719.17
1828,5,4.0,1993,32,6.02,0.94,3.81,2.46,0,1,1,2023-07-20 16:05:36.280233,1152301.63
1284,3,2.5,2023,2,4.42,5.05,4.2,3.16,1,0,2,2020-11-12 17:51:17.564637,710259.73
1569,3,1.5,2003,22,5.56,0.59,5.36,5.64,1,0,2,2021-09-25 11:42:35.129274,908844.18
2404,2,1.5,1969,56,6.07,7.29,9.33,6.13,1,0,1,2023-04-19 06:53:08.657214,1206869.45
1454,4,4.0,1980,45,3.82,2.46,8.81,2.99,1,0,1,2020-05-28 11:22:10.108423,591257.62
2301,4,3.0,1956,69,3.66,6.0,1.78,7.81,1,0,1,2024-12-27 22:15:30.775646,1214705.84
1122,3,2.5,2007,18,7.6,5.83,2.14,3.79,1,1,1,2020-03-05 08:07:36.380316,850932.29
2118,4,3.0,1959,66,8.84,20.65,3.9,9.3,1,1,1,2023-07-25 14:52:20.617180,1592042.76
2665,5,3.5,1959,66,2.73,6.37,3.26,6.91,1,1,2,2023-12-29 08:12:24.620517,1256084.62
600,3,2.5,1988,37,1.88,7.0,6.34,4.93,1,1,1,2025-03-28 15:52:23.619683,429183.4
1322,3,2.5,1977,48,9.08,4.11,9.08,8.11,1,1,2,2021-10-10 08:02:48.140116,1110398.55
2146,3,1.5,1979,46,4.15,23.82,9.64,8.36,1,1,3,2021-11-10 16:18:48.940783,972412.54
1678,4,3.0,1986,39,5.96,12.01,6.71,3.61,0,1,2,2022-05-06 04:45:50.291909,967067.91
2023,4,2.5,2016,9,4.24,2.69,8.46,4.06,0,1,2,2025-02-20 08:49:38.482068,1121820.57
1438,4,3.5,1992,33,2.13,14.87,5.49,9.42,1,0,1,2023-06-12 17:27:16.363636,772670.01
1852,4,3.5,2001,24,6.3,4.53,2.48,2.48,0,0,2,2023-11-14 19:11:45.587990,1177189.5
1707,3,1.5,2005,20,5.73,14.11,5.48,1.38,1,0,1,2024-01-31 08:04:00.200166,1042292.76
2501,5,4.0,2017,8,2.83,13.85,5.77,5.09,1,0,2,2024-07-01 02:37:19.866555,1160881.67
1953,3,3.0,1958,67,5.07,1.67,7.55,8.21,1,1,3,2020-03-30 02:01:18.065054,911914.49
2003,2,1.5,1972,53,8.17,9.66,2.59,7.95,1,0,2,2024-12-03 04:21:49.090909,1495235.8
1553,4,2.5,2012,13,6.31,2.75,4.0,9.28,0,1,2,2023-09-29 14:35:31.776480,1236586.29
1507,4,3.5,2010,15,1.87,2.82,3.96,5.8,0,1,1,2023-04-24 05:39:52.994161,702201.6
1540,3,2.5,1989,36,5.93,2.81,9.61,1.9,1,1,1,2023-02-12 07:09:57.497914,878382.09
2037,5,4.0,1993,32,7.32,10.34,4.72,6.3,1,1,2,2020-12-14 02:07:18.365304,1199639.86
1547,5,5.0,1973,52,8.13,2.09,7.67,8.01,1,0,1,2020-10-09 02:24:07.206005,1168123.53
1974,3,2.5,2000,25,6.66,0.5,7.63,1.84,1,1,2,2025-05-27 01:13:15.663052,1314846.78
3045,6,3.0,2007,18,2.37,10.05,3.02,2.55,1,0,1,2022-01-14 00:26:25.321100,1110349.22
2323,2,1.5,1982,43,7.39,1.5,5.93,1.11,1,1,2,2024-08-19 14:24:43.236030,1300468.34
1604,3,2.5,1965,60,7.1,0.88,9.0,6.34,1,1,1,2022-09-21 18:34:31.726438,1106198.78
2521,2,1.0,1971,54,1.22,2.17,5.01,8.98,1,1,2,2022-08-04 22:22:43.135946,988570.53
1555,5,4.0,2006,19,4.71,3.82,9.48,7.04,1,1,2,2023-03-20 14:12:42.635529,978911.42
600,4,2.5,2011,14,4.0,5.17,2.54,9.84,1,1,1,2023-08-09 11:12:33.628023,675105.11
1195,2,2.0,2020,5,7.02,0.5,1.2,1.57,1,0,1,2022-07-29 08:00:24.020016,899322.14
678,3,3.0,2021,4,2.95,28.21,8.97,9.13,0,0,1,2020-04-15 13:57:05.854879,399799.95
1589,4,4.0,2019,6,6.32,10.07,8.55,8.33,1,1,1,2022-02-16 00:18:00.900750,1025412.18
1811,2,2.0,1979,46,9.22,3.12,9.93,3.83,1,1,1,2024-01-24 17:41:41.084236,1338892.33
2806,5,4.5,1972,53,8.18,3.07,6.95,9.76,1,1,1,2020-06-28 19:38:10.909090,1515793.32
1996,4,2.5,1981,44,9.29,4.76,9.4,3.59,1,0,2,2023-03-12 08:14:48.740617,1467638.58
1669,3,3.0,2006,19,9.81,7.87,8.36,9.0,1,1,1,2024-01-13 04:32:37.631359,1557332.44
2298,5,5.0,1958,67,1.1,1.27,8.52,8.93,1,1,3,2025-03-13 19:32:10.608840,1166548.35
600,3,3.0,1980,45,6.6,1.68,5.91,7.82,1,1,2,2023-09-13 02:39:43.986655,785607.67
1941,6,3.0,2020,5,4.72,15.7,4.13,6.07,0,1,1,2024-11-16 16:26:01.301084,1147060.7
2263,4,4.0,1958,67,8.74,2.37,9.38,2.08,1,1,1,2022-09-30 00:32:25.621351,1386418.0
913,4,2.5,1962,63,3.27,3.83,4.61,5.79,1,0,2,2022-11-08 14:46:20.316930,567815.24
2486,2,2.0,2007,18,9.83,16.4,5.62,4.21,0,1,1,2021-06-03 15:47:35.379482,1455691.64
2003,5,4.5,1952,73,6.52,8.7,4.74,8.13,1,0,2,2020-08-20 14:36:43.836530,1108067.02
1551,3,2.5,1984,41,8.14,3.34,5.87,7.82,1,0,2,2022-04-14 18:03:18.165137,1183473.26
2180,2,2.0,1970,55,1.77,9.21,4.97,9.2,1,1,1,2023-03-13 23:50:23.519599,975624.16
3162,1,1.5,2013,12,2.65,0.5,0.96,1.13,1,1,2,2022-01-17 07:37:34.879065,1127116.82
1909,4,3.0,2001,24,7.83,10.64,8.88,8.28,0,1,1,2021-11-27 04:14:36.730608,1241702.87
1949,3,3.0,1983,42,1.2,5.34,4.72,9.45,1,1,1,2021-07-26 10:46:08.306922,819859.04
1524,4,2.5,1984,41,8.35,13.42,6.09,8.1,1,1,2,2023-08-24 07:32:46.638865,1308183.9
1290,5,3.0,1964,61,1.13,24.74,1.82,2.17,1,0,2,2022-07-22 17:38:04.904086,500675.2
2298,2,1.5,1955,70,6.91,20.81,0.53,1.73,1,1,2,2020-11-01 04:42:14.111759,1047719.43
1286,4,3.5,1981,44,4.29,19.2,2.83,1.19,1,0,2,2020-05-15 06:37:31.876563,595828.62
1843,2,1.5,2001,24,6.5,5.74,7.19,6.66,1,1,2,2022-10-21 11:14:57.748123,1139095.93
1513,5,5.0,1977,48,7.26,3.57,1.44,6.67,1,0,2,2021-03-14 19:44:11.209341,1127180.4
2087,4,2.0,2013,12,4.08,5.0,9.13,9.88,1,1,1,2023-07-15 17:18:51.943286,1132754.64
2000,3,2.0,1968,57,1.97,9.37,2.54,4.58,1,1,2,2021-10-05 09:16:03.803169,779330.35
2423,4,2.5,1964,61,1.63,17.23,2.44,3.99,0,0,2,2023-07-02 12:34:13.711426,892005.56
1494,3,3.0,1955,70,6.3,1.86,2.22,6.62,1,0,1,2021-01-11 03:12:09.608006,934459.44
1638,3,3.0,2022,3,5.69,20.03,0.63,8.43,1,0,2,2020-06-02 10:08:54.445371,955703.06
1213,4,3.0,1987,38,7.68,13.51,7.83,9.43,1,0,1,2024-12-04 19:57:23.869891,1193916.87
1533,3,3.0,1975,50,5.59,30.85,8.81,8.23,1,0,2,2020-03-26 18:50:08.507089,815913.75
2026,3,1.5,2000,25,4.8,16.98,6.33,4.84,1,1,2,2020-05-31 18:33:19.666388,842350.58
2254,3,2.0,2022,3,4.58,2.63,2.29,6.71,1,1,3,2022-08-11 12:45:02.251876,1196584.01
1247,4,2.5,2002,23,1.24,0.9,3.21,8.71,1,1,1,2022-04-19 16:50:02.502085,643092.2
2322,3,3.0,2005,20,4.02,0.95,5.02,5.42,1,1,2,2023-05-14 00:46:50.341951,1140372.91
2613,2,1.0,2008,17,9.78,2.75,9.57,2.95,0,1,1,2020-11-07 19:04:33.227689,1411141.19
2048,4,3.0,2019,6,8.86,7.62,2.85,2.53,1,1,2,2023-06-11 01:51:41.584653,1468089.7
2926,4,3.5,2007,18,3.96,13.05,7.45,1.0,1,1,2,2024-08-31 03:33:46.688907,1282523.41
1336,2,1.5,1962,63,6.29,18.36,4.67,7.46,1,1,2,2020-04-12 06:45:56.296914,771584.34
1053,3,2.0,1992,33,8.63,7.82,3.33,2.0,0,1,2,2023-05-22 06:44:44.236864,980945.99
733,2,2.0,2000,25,4.97,0.5,4.83,3.19,1,0,2,2021-05-03 07:31:34.578815,548235.79
2698,3,1.5,1968,57,1.16,1.65,1.18,3.68,1,1,1,2020-05-05 09:04:03.202668,809507.19
2193,3,1.5,1970,55,1.67,0.84,8.09,6.04,1,1,1,2024-02-08 14:01:54.095079,887830.32
1767,4,2.0,1973,52,5.59,3.61,2.81,4.58,1,0,2,2021-10-07 00:51:38.582151,959283.49
1968,4,2.5,1975,50,9.72,5.57,7.39,7.07,0,1,1,2025-05-02 07:19:33.978315,1729476.87
1125,4,3.5,1994,31,7.24,0.5,1.15,1.5,1,0,1,2024-12-19 16:17:36.880733,1058647.07
3267,3,2.5,1977,48,1.64,3.43,9.57,2.12,0,0,2,2022-05-27 15:28:22.418682,994702.89
1878,4,3.5,1978,47,2.7,1.58,2.33,5.49,0,0,1,2024-07-25 20:31:01.551292,967891.19
1866,3,3.0,1966,59,7.94,8.33,8.89,4.03,1,1,1,2025-03-15 11:07:45.387823,1383354.65
2235,6,3.0,2017,8,8.57,4.99,8.19,3.66,1,1,2,2021-08-02 01:08:27.422852,1398491.54
2089,4,3.5,1993,32,6.56,5.47,9.69,1.6,0,1,1,2024-03-25 18:38:07.906588,1190656.92
1934,2,2.0,2010,15,6.8,4.46,5.04,9.06,0,0,1,2023-07-10 18:32:07.606338,1314935.62
1326,4,4.0,2017,8,1.26,24.99,7.41,7.23,1,1,1,2021-07-28 02:21:43.085904,616645.3
2083,3,3.0,2023,2,8.46,1.93,4.02,2.09,1,1,2,2021-04-06 22:02:18.115095,1324901.42
2929,4,3.5,1974,51,8.09,5.82,2.25,1.59,1,0,3,2021-12-23 13:43:53.194328,1548237.86
2607,2,2.0,2016,9,3.33,10.65,4.71,9.77,1,1,2,2022-02-14 08:42:26.121768,1181795.33
2756,2,1.5,1951,74,7.38,6.51,2.07,7.13,1,0,1,2020-07-08 17:11:39.582985,1289413.3
1493,5,4.5,1998,27,2.93,21.16,9.83,4.76,1,0,3,2020-06-09 00:31:13.561301,570386.41
1206,3,2.5,2019,6,1.36,3.8,1.41,7.32,1,1,2,2023-02-07 08:23:13.160967,693014.21
1725,4,4.0,1975,50,2.81,4.98,6.1,7.81,1,1,2,2025-04-02 14:39:07.956630,1003452.06
1833,3,1.5,2021,4,2.61,0.74,6.45,8.02,1,0,2,2020-07-16 23:09:33.477898,769082.73
2457,4,3.0,1976,49,4.04,7.51,5.61,5.3,1,0,1,2020-06-30 11:13:45.688073,970460.2
785,4,4.0,1967,58,4.77,2.72,6.79,4.87,1,0,1,2021-08-20 04:39:49.991659,540869.78
2718,3,2.5,2003,22,5.58,1.4,1.6,1.1,0,0,1,2024-09-23 05:51:53.594662,1377600.26
1705,3,2.5,1950,75,5.29,6.29,5.77,9.34,1,0,1,2022-10-18 04:03:48.190158,1008537.89
1544,3,2.5,2010,15,3.44,6.08,3.23,6.43,1,0,2,2022-01-15 16:02:00.100083,752426.77
1193,1,1.5,1952,73,1.26,0.63,9.43,2.83,0,1,2,2023-04-14 08:06:24.320266,457661.85
807,3,3.0,2017,8,6.45,9.58,7.74,9.28,1,1,2,2021-04-18 11:11:21.567973,776673.64
2294,4,3.0,1990,35,4.56,7.82,9.74,9.23,1,1,1,2021-01-12 18:47:44.386989,1030944.7
1844,5,3.5,1986,39,3.69,1.68,0.86,9.9,1,1,1,2022-06-03 05:50:41.534612,1099860.66
1026,5,3.5,2000,25,8.8,5.07,3.21,8.87,1,0,1,2022-06-26 08:08:48.440366,1185107.38
1023,4,2.0,1964,61,7.72,10.19,2.36,9.98,1,0,1,2025-05-30 08:24:25.221017,1169637.35
1599,4,3.5,1957,68,8.72,6.03,0.61,3.2,1,1,1,2021-04-05 06:26:43.336113,1152231.07
2801,4,4.0,1987,38,5.45,4.03,2.8,8.58,1,0,2,2024-02-16 19:59:47.989991,1592215.81
1644,3,2.0,2005,20,2.18,3.11,6.95,8.41,1,0,1,2021-02-13 03:03:45.187656,771932.66
898,5,4.5,1996,29,7.27,7.54,2.7,3.08,0,0,3,2020-02-26 02:09:42.485404,755053.96
1653,4,2.5,1959,66,2.85,22.39,5.34,1.89,0,1,1,2020-02-22 18:58:32.927439,539577.68
1636,4,2.5,1998,27,4.97,8.91,8.93,9.81,1,1,2,2023-06-19 07:49:35.479566,1020348.24
600,2,2.0,1990,35,1.59,0.62,7.09,3.66,0,1,2,2024-09-18 07:05:09.257714,347428.39
1767,3,2.5,1979,46,8.43,4.94,4.25,8.84,0,1,1,2020-06-17 06:29:07.456213,1151943.92
1661,3,2.0,1954,71,2.13,17.72,4.04,1.04,0,1,2,2024-08-29 11:58:11.909924,694553.39
2218,5,3.5,2020,5,9.13,0.79,4.83,1.19,1,0,2,2022-09-01 23:27:34.378648,1518228.66
2909,3,1.5,1980,45,8.78,35.99,2.18,5.19,1,0,2,2022-03-06 03:49:23.469557,1599358.73
2476,3,1.5,2001,24,5.18,23.82,6.52,3.15,1,0,2,2024-05-25 19:34:34.728940,1223910.26
1639,6,3.0,1972,53,7.7,0.65,3.96,7.21,1,0,1,2020-05-11 23:26:22.318598,1022933.22
1136,2,1.5,1997,28,6.58,21.67,8.6,6.09,0,0,2,2023-04-06 02:08:30.425354,835460.79
3344,3,2.5,1989,36,8.23,3.61,7.69,1.7,1,0,3,2022-10-29 17:12:51.643035,1702757.13
1836,1,1.5,1955,70,4.89,14.9,6.3,2.46,1,0,1,2020-09-11 01:19:15.963302,705889.21
1808,4,3.5,1987,38,8.07,4.34,3.96,4.49,1,0,1,2024-10-08 02:12:06.605504,1367401.49
1786,5,3.5,1990,35,5.16,4.65,2.49,2.67,1,1,3,2024-06-06 08:43:38.181818,1075197.05
1919,3,3.0,1976,49,9.47,8.05,7.87,8.13,1,1,1,2022-09-18 11:23:22.168473,1473252.55
1713,5,3.5,2024,1,5.38,11.91,5.12,4.74,0,1,2,2020-02-06 07:02:45.137614,930171.81
1456,3,1.5,2018,7,5.16,0.5,2.64,1.84,1,0,2,2024-08-17 22:49:08.457047,990516.65
1472,5,4.5,2006,19,8.07,7.19,2.35,5.36,0,1,2,2020-01-05 22:46:44.336947,1064326.11
1780,4,4.0,1966,59,8.39,1.65,2.07,1.82,1,0,1,2024-07-19 06:08:42.435362,1361571.44
1474,4,4.0,2020,5,5.99,3.4,7.88,2.16,1,0,1,2020-07-03 18:24:55.246038,800937.16
1372,1,1.5,1996,29,2.62,3.42,2.68,3.16,1,0,1,2021-08-26 19:02:09.107589,533625.67
1864,5,4.0,1962,63,5.21,5.06,5.5,8.74,0,1,2,2021-11-05 17:32:04.603836,1045771.43
1647,4,2.0,1960,65,9.71,3.25,4.79,9.32,0,1,2,2022-09-13 12:36:37.831526,1386609.36
2702,3,3.0,1973,52,7.78,0.91,6.01,8.44,1,0,2,2024-08-27 20:22:37.130942,1758855.54
600,4,2.5,2022,3,8.3,1.26,8.83,4.01,1,0,2,2020-07-10 08:47:14.361968,748037.92
2455,3,3.0,1953,72,1.3,0.5,8.74,3.45,1,1,1,2021-09-17 05:44:41.234361,798108.35
2548,5,4.0,1995,30,5.21,5.08,4.79,5.94,1,0,1,2021-04-03 14:51:08.557130,1181684.93
600,2,1.0,1967,58,6.82,24.71,0.65,7.5,1,0,2,2025-05-22 02:26:31.326105,829038.39
1594,4,3.0,1992,33,8.47,0.98,4.55,9.94,1,0,1,2023-12-12 20:16:36.830692,1463412.2
1577,3,2.0,1982,43,1.44,23.39,6.26,2.18,0,1,1,2023-11-09 20:25:01.251042,534059.1
955,2,1.5,1959,66,8.67,10.57,5.8,1.44,0,0,1,2021-10-20 05:36:16.814011,710141.65
1333,3,1.5,2022,3,5.94,8.12,6.69,7.25,1,0,1,2024-09-28 04:38:37.931609,1017759.91
1134,1,1.5,2008,17,2.78,8.29,1.96,8.49,1,0,1,2020-11-14 09:26:52.343619,557024.79
2851,3,2.5,1980,45,3.86,14.02,6.64,8.62,0,1,2,2021-01-04 12:49:50.492076,1125874.74
2361,3,1.5,1977,48,3.54,0.9,2.24,7.11,0,1,3,2021-08-23 11:50:59.549624,1055167.67
2563,4,4.0,2009,16,5.78,5.62,7.63,9.59,0,0,2,2025-02-22 00:25:13.261050,1621972.46
2233,3,2.0,1952,73,1.47,9.55,3.72,5.6,1,1,3,2020-12-10 18:56:08.807339,784241.11
1123,3,2.0,2004,21,2.43,7.07,7.24,9.22,0,1,3,2022-04-26 07:12:21.618015,635199.62
1485,4,3.5,1963,62,8.31,14.31,0.95,9.71,1,1,2,2023-05-04 03:13:21.668056,1340747.36
2094,1,1.0,2007,18,2.19,0.6,4.37,8.62,1,1,1,2024-04-17 20:56:14.812343,967141.57
1067,5,3.5,1964,61,3.1,9.39,7.2,3.79,1,1,2,2023-07-07 11:20:58.048373,557433.78
2228,5,3.0,1951,74,5.08,6.11,2.66,2.77,0,1,1,2024-12-18 00:42:02.101751,1229914.73
1656,4,2.0,1973,52,5.65,3.81,8.06,5.93,1,0,1,2020-09-29 04:50:38.532110,839905.96
1575,4,2.0,2013,12,7.87,3.33,6.49,5.08,0,1,1,2022-05-11 03:32:34.628857,1095026.71
2227,5,3.0,2020,5,5.03,7.76,6.08,8.9,1,1,2,2023-02-18 21:32:16.613844,1258346.69
2067,2,2.0,1973,52,8.11,17.73,3.86,1.9,0,1,1,2022-10-14 20:52:38.632193,1158538.93
1583,2,1.0,1976,49,6.57,5.48,5.08,3.32,1,1,1,2022-01-02 11:17:21.868223,895150.07
2496,3,1.5,1986,39,2.02,13.93,6.17,7.77,1,1,1,2022-12-18 05:00:15.012510,1004984.34
1151,4,3.5,1988,37,2.41,4.12,4.99,1.85,1,1,2,2023-06-25 22:11:54.595496,584802.08
2170,1,1.5,2012,13,4.93,0.86,7.13,3.89,1,1,2,2022-01-12 08:50:50.542118,926433.94
2156,4,2.0,1975,50,4.57,0.51,4.62,4.48,1,1,2,2021-06-18 12:07:48.390325,984719.68
1614,6,3.0,2014,11,7.69,0.5,2.42,6.6,1,1,1,2025-05-28 16:48:50.442035,1480403.83
1996,5,5.0,1953,72,6.23,3.83,2.53,2.42,1,1,1,2024-08-26 04:47:02.351959,1258358.06
1049,3,3.0,1978,47,4.49,3.29,0.56,8.75,1,1,2,2025-02-26 23:11:57.597998,932493.17
2354,2,1.0,1950,75,2.54,10.12,3.36,5.03,1,1,1,2025-03-03 21:58:41.934945,1010775.24
1689,4,2.0,1999,26,3.04,10.86,7.61,9.25,1,1,2,2020-10-15 16:46:26.321934,772088.98
1486,4,4.0,1960,65,6.18,0.5,8.04,5.21,1,0,2,2024-04-11 06:33:55.696413,1065428.15
2429,2,1.5,2023,2,4.81,2.0,2.42,3.48,1,0,2,2021-02-03 05:30:16.513761,1065808.52
1377,2,1.0,2008,17,5.63,2.56,9.61,2.28,0,1,3,2024-06-03 01:32:28.623853,823588.2
955,5,3.0,2011,14,2.54,6.35,5.27,1.03,0,1,1,2023-05-28 21:07:03.352794,491804.78
866,4,4.0,1985,40,6.97,1.25,9.21,5.79,0,0,1,2023-01-02 01:20:28.023352,878801.75
2164,4,3.0,2005,20,8.67,1.15,7.21,1.96,0,0,2,2023-03-15 15:25:58.298582,1421024.2
1032,5,3.5,1970,55,3.32,23.03,7.36,4.53,1,1,1,2024-01-29 16:28:25.421184,624119.98
2853,4,4.0,1962,63,5.42,13.05,1.31,6.3,1,1,1,2022-12-03 08:40:02.001668,1453990.04
600,3,3.0,1958,67,9.78,1.59,2.59,3.48,1,1,1,2024-09-14 23:53:59.699749,1084074.6
2818,3,2.0,1960,65,4.0,4.17,0.58,2.58,1,1,1,2021-09-18 21:20:16.013344,1128457.02
1927,3,2.5,2024,1,6.36,3.52,7.3,7.97,1,0,1,2020-01-01 00:00:00.000000,998392.73
1742,3,2.0,2019,6,1.81,12.52,3.77,9.52,1,0,1,2023-05-23 22:20:19.015846,859621.32
1473,4,4.0,1950,75,6.45,5.71,7.97,1.9,1,0,2,2023-03-04 02:16:54.845704,912292.68
2039,4,4.0,2019,6,1.81,1.09,3.72,2.4,1,1,2,2020-05-21 20:59:50.992493,798457.35
1777,5,3.0,2005,20,9.63,10.75,8.28,9.64,0,0,2,2020-03-21 20:03:24.170141,1304230.74
2462,3,1.5,1980,45,7.44,4.05,1.74,1.34,1,1,2,2023-11-11 12:00:36.030025,1404283.36
1869,4,3.5,1986,39,8.09,2.44,2.15,9.8,1,1,1,2025-03-27 00:16:48.840700,1666346.9
1890,4,4.0,1996,29,7.34,3.77,3.74,1.04,1,1,1,2022-03-16 01:22:52.143452,1140783.82
1582,4,2.5,1996,29,6.31,5.51,4.38,8.86,1,1,1,2022-12-21 12:11:24.570475,1146009.04
1766,4,4.0,2018,7,5.05,3.36,3.81,3.77,1,0,2,2021-08-06 23:55:11.759799,929794.15
1985,3,3.0,2007,18,8.73,2.22,7.75,9.45,1,1,2,2023-08-14 09:59:17.964970,1596258.98
774,3,2.0,1985,40,9.61,4.07,1.42,3.85,0,0,1,2020-06-20 13:40:17.014178,853897.77
991,2,1.0,1981,44,5.49,0.5,3.84,6.89,0,0,1,2020-12-05 20:09:24.470391,682042.67
2246,3,1.5,2013,12,9.38,11.84,8.45,1.72,1,1,3,2020-03-31 17:36:52.844036,1215329.65
1903,3,1.5,2020,5,6.25,1.5,1.13,3.18,1,0,2,2021-06-28 09:41:17.064220,1042932.88
1690,4,2.0,1991,34,5.85,0.5,9.45,7.96,1,1,2,2022-09-28 08:56:50.842368,1102036.53
1811,5,4.0,1997,28,5.09,8.48,9.87,5.76,1,1,1,2022-10-31 08:48:26.422018,956571.96
2009,4,2.5,2023,2,2.88,11.9,1.34,9.35,1,0,1,2023-10-27 15:40:23.019182,1051235.4
1476,4,3.0,1979,46,1.03,13.45,3.27,4.86,1,0,2,2020-10-18 23:57:35.879899,548086.64
1333,3,3.0,1970,55,3.17,5.44,4.04,8.83,1,1,2,2020-01-14 04:44:38.231859,657009.8
1918,4,2.5,2009,16,5.59,1.84,7.88,5.04,0,1,2,2023-01-25 03:38:34.929107,1055714.27
1213,2,1.5,1962,63,4.42,10.69,6.16,9.81,1,1,2,2020-08-30 12:10:12.510425,696120.78
2045,3,2.5,1950,75,5.04,9.62,6.62,9.64,1,1,2,2024-04-26 02:54:08.707256,1164968.51
778,3,2.0,2014,11,9.83,2.26,7.7,3.96,0,1,2,2020-09-01 03:45:47.289407,885353.31
2417,3,2.0,1982,43,4.15,18.7,1.62,8.97,0,1,1,2023-05-25 13:55:53.794829,1252264.1
2084,1,1.0,1987,38,5.07,0.88,8.42,8.63,1,0,1,2023-12-30 23:47:59.399499,1144447.12
1954,2,1.0,1974,51,2.2,32.45,7.2,2.9,0,1,2,2023-12-21 02:14:30.725604,644944.02
2390,3,1.5,1975,50,1.43,15.74,5.98,6.62,1,1,1,2022-08-18 03:07:21.367806,866665.82
2799,6,3.0,2008,17,7.98,9.32,8.95,1.65,1,1,2,2022-09-11 21:01:03.052543,1523875.49
2409,3,1.5,1982,43,6.14,22.34,7.15,8.53,1,1,2,2021-02-26 07:48:23.419516,1182174.2
695,3,2.0,1990,35,7.85,10.25,2.42,2.57,1,1,3,2024-05-19 05:12:15.613010,861124.18
1032,2,2.0,1979,46,2.35,1.69,4.58,1.64,1,0,1,2023-11-19 17:58:29.924937,524638.01
1425,4,2.5,2006,19,6.15,4.67,5.19,4.6,1,1,1,2024-04-12 22:09:30.475396,971995.64
1816,3,1.5,1998,27,3.28,0.59,1.02,6.19,1,1,2,2025-05-07 06:06:18.315262,1026040.1
2111,3,3.0,1997,28,3.05,3.95,9.57,8.69,1,1,2,2023-01-15 06:05:06.255212,1004839.07
1365,3,2.5,2021,4,1.1,10.83,1.72,9.77,1,0,2,2024-11-24 22:23:55.195996,823885.38
1912,1,1.5,1998,27,2.17,3.91,7.13,4.96,1,0,1,2023-07-05 19:45:23.269391,719290.68
1347,1,1.5,1996,29,3.78,3.21,5.31,1.54,1,1,1,2021-07-29 17:57:17.864887,581837.21
1433,3,2.0,2005,20,2.05,7.24,0.74,7.74,1,1,2,2021-12-07 01:48:05.404503,707077.99
956,1,1.0,2014,11,9.87,16.46,9.29,6.09,1,0,2,2022-07-16 03:15:45.788156,1018732.65
1246,2,2.0,1961,64,3.78,0.5,8.59,5.03,0,1,2,2021-06-26 18:05:42.285237,627524.07
989,3,1.5,2018,7,2.17,3.9,5.48,3.78,1,0,1,2024-05-07 16:03:12.160133,574611.73
1214,4,3.5,1955,70,2.79,1.38,2.67,5.52,0,1,1,2023-12-09 13:05:27.272727,690717.31
2432,4,4.0,2014,11,6.29,9.51,1.66,4.05,1,1,1,2020-03-08 15:18:45.938281,1130915.59
1230,3,3.0,1974,51,1.58,0.89,3.95,7.81,1,0,3,2023-08-21 00:21:37.080900,692768.79
3379,3,3.0,1950,75,8.76,8.74,2.93,5.9,0,1,2,2020-09-14 08:30:25.521267,1654490.39
2096,5,3.0,1981,44,9.65,2.7,5.31,8.89,1,1,1,2022-04-21 08:25:37.281067,1576684.22
1911,3,1.5,1952,73,3.22,1.77,9.68,5.89,1,0,1,2022-10-01 16:08:00.400333,839732.96
1285,2,1.5,1998,27,5.05,22.04,5.96,3.14,1,1,2,2020-09-20 22:52:44.637197,621088.22
2220,4,2.5,1968,57,1.2,0.5,8.95,8.66,1,1,1,2022-10-28 01:37:16.864053,917910.66
1455,2,2.0,2009,16,6.77,4.61,6.68,6.01,1,1,2,2023-12-02 22:43:08.156797,1043189.38
1873,3,3.0,1978,47,4.73,0.5,5.01,2.86,1,0,2,2021-07-05 00:03:36.180150,915477.01
3336,3,2.5,1999,26,3.43,5.29,8.62,6.61,1,0,1,2024-06-24 12:15:00.750625,1336164.24
1742,5,3.0,1951,74,2.86,5.56,4.98,4.22,0,1,1,2024-12-24 15:04:21.217681,884860.78
2490,3,1.5,2022,3,6.89,3.1,8.75,8.6,0,0,2,2021-06-02 00:12:00.600500,1358542.25
1378,4,3.0,2005,20,4.75,1.13,3.27,5.08,1,1,1,2020-12-20 16:29:37.481234,786420.8
1779,6,3.0,1966,59,2.62,3.78,1.72,7.54,1,0,1,2020-12-27 06:51:56.597164,835583.59
2862,2,2.0,2009,16,7.2,8.92,8.63,1.86,1,1,3,2024-07-02 18:12:54.645537,1549178.71
1424,3,3.0,1985,40,6.09,12.2,6.08,4.56,1,1,2,2020-09-04 10:56:56.847372,803094.48
2887,3,1.5,2010,15,8.73,6.05,8.95,9.85,0,1,2,2021-10-11 23:38:22.919099,1692504.75
2225,3,3.0,1966,59,2.06,7.13,9.41,8.28,1,1,1,2023-04-20 22:28:43.436196,1026720.85
1463,3,2.5,1998,27,8.07,1.79,1.01,2.44,1,1,1,2021-11-15 15:05:33.277731,1099679.27
2179,5,3.0,2009,16,7.06,2.71,5.26,3.5,1,1,1,2020-11-20 23:49:11.459549,1179995.82
2384,4,4.0,1969,56,2.04,1.41,4.06,3.97,1,0,1,2021-04-11 20:49:02.452043,847543.82
2173,4,3.0,1999,26,7.25,2.29,6.45,6.85,1,1,2,2025-03-31 23:03:33.177648,1554407.51
858,3,1.5,1952,73,4.97,2.04,8.04,7.81,1,1,1,2021-02-14 18:39:19.966638,596543.3
1364,4,3.0,1992,33,9.5,5.86,3.17,7.75,1,0,2,2022-10-16 12:28:13.411175,1354188.52
1651,5,3.5,2006,19,2.27,6.62,5.79,5.59,1,0,1,2020-07-15 07:33:58.698915,677036.99
1755,4,3.5,1999,26,6.79,23.2,7.23,8.3,0,0,1,2023-09-14 18:15:18.765638,1147490.66
2172,1,1.0,2017,8,4.44,1.74,1.78,4.93,1,0,3,2021-06-23 10:54:32.727272,980769.28
1907,4,2.0,1999,26,9.61,8.21,8.23,2.11,0,1,1,2024-10-24 14:07:54.395329,1424550.39
999,2,1.0,1986,39,3.97,13.6,6.26,6.08,0,1,1,2024-12-14 17:30:52.543786,635332.81
2028,3,2.0,1995,30,9.66,6.57,9.52,9.57,1,1,1,2023-01-16 21:40:41.034195,1544807.07
2166,2,1.0,1991,34,9.11,2.36,3.73,8.14,1,1,1,2023-05-05 18:48:56.447039,1584192.96
2136,4,2.0,1964,61,3.43,2.44,1.53,6.21,1,0,1,2022-05-25 23:52:47.639699,999602.66
2448,4,2.5,1982,43,8.23,0.5,5.31,6.82,1,0,1,2020-11-25 22:35:55.796497,1380838.41
2300,2,2.0,1960,65,9.96,2.92,1.32,9.38,1,1,2,2023-08-07 19:36:58.849040,1808645.51
2076,3,1.5,1969,56,3.27,10.92,9.71,4.86,1,0,2,2022-01-23 21:59:53.994995,794178.68
1758,3,2.0,1973,52,4.93,0.5,0.87,3.98,0,0,2,2021-06-06 22:58:44.937447,901618.7
803,3,1.5,2013,12,5.68,1.98,7.66,9.8,1,1,1,2025-04-05 21:50:17.514595,899680.59
2058,2,1.0,2014,11,3.65,9.8,5.49,8.77,1,1,2,2025-03-17 02:43:20.166805,1145177.71
1925,3,1.5,2022,3,1.14,12.21,4.0,3.91,1,0,1,2021-08-11 22:41:56.096747,696349.27
1963,4,2.5,1966,59,2.98,4.86,1.13,5.17,0,1,2,2020-08-14 00:14:24.720600,807238.24
1034,2,1.5,2010,15,3.54,9.58,6.41,4.74,1,1,2,2022-02-17 15:53:35.679733,562471.13
1151,2,1.5,1964,61,4.99,3.93,6.06,2.34,0,0,1,2025-01-28 06:31:31.576313,716388.47
2432,3,2.5,2000,25,2.54,1.39,3.17,9.62,1,1,2,2023-01-26 19:14:09.708090,1165579.21
1776,5,4.5,1976,49,8.86,4.06,9.15,4.64,1,0,3,2020-01-10 21:33:28.673894,1136232.3
2209,4,3.5,2023,2,7.34,6.94,3.39,8.88,1,1,2,2024-11-15 00:50:26.522101,1621510.16
1817,4,2.5,2010,15,1.77,23.66,4.77,2.7,1,1,1,2023-11-04 21:38:16.914095,679892.59
1818,3,2.0,2007,18,6.85,0.57,5.67,5.93,1,1,2,2020-01-07 14:22:19.115929,1037505.78
2363,4,2.5,1980,45,6.88,5.66,1.45,1.22,1,0,3,2022-03-17 16:58:26.922435,1195787.68
1490,1,1.0,1961,64,9.61,3.19,9.36,7.88,1,0,1,2024-04-06 07:47:11.359466,1341090.25
1858,4,3.0,1995,30,1.03,5.68,4.06,6.23,1,0,2,2020-05-18 13:48:41.434528,664469.0
1523,5,5.0,1980,45,3.23,0.5,1.27,6.63,0,1,1,2020-04-08 23:34:46.738949,745371.87
1539,4,3.0,1981,44,9.35,3.0,4.18,1.47,1,0,1,2023-08-06 04:01:24.070058,1276037.8
1614,5,3.0,1981,44,9.39,13.71,6.2,2.9,1,1,2,2020-09-22 14:28:19.416180,1108673.09
1933,4,3.0,2002,23,7.49,6.46,5.38,1.67,1,0,2,2023-02-13 22:45:32.276897,1258641.6
1513,2,1.5,2010,15,7.89,4.79,7.1,3.6,1,1,2,2025-02-03 20:53:50.692243,1187521.18
2553,5,4.0,1995,30,1.82,2.69,1.03,6.65,1,0,3,2024-06-14 14:41:32.076730,1253628.47
1263,2,1.5,2023,2,5.62,2.83,3.2,6.1,1,1,1,2025-02-08 19:40:35.029191,1037489.25
1688,3,3.0,1956,69,3.08,3.86,8.28,6.51,1,0,1,2023-05-18 23:33:34.678899,782625.37
1536,2,1.5,1953,72,2.63,14.44,1.26,5.94,1,0,3,2022-02-20 23:04:45.237698,694869.74
2668,1,1.5,2001,24,8.29,27.34,8.63,3.46,1,1,1,2022-04-01 13:18:39.933277,1363458.67
1918,3,3.0,1980,45,2.22,4.62,1.37,3.2,0,1,2,2023-04-17 15:17:33.878231,822140.84
2419,3,3.0,2024,1,5.22,4.0,8.43,2.23,1,0,2,2024-04-14 13:45:05.254378,1252006.29
909,3,1.5,1985,40,9.45,15.0,3.93,8.64,0,0,1,2023-07-27 06:27:55.396163,1108826.81
1960,4,2.5,2003,22,2.67,4.45,6.32,6.55,1,1,1,2022-07-09 12:53:26.672226,855356.19
2334,1,1.0,2003,22,9.8,6.42,1.95,2.68,1,0,2,2024-04-21 04:07:24.370308,1663432.37
1849,2,1.5,1966,59,9.95,2.1,1.13,2.59,1,1,2,2020-10-22 07:08:45.437864,1235663.7
2439,4,4.0,2024,1,6.0,10.89,2.55,8.86,1,1,2,2020-02-04 15:27:10.358632,1245086.74
1490,3,3.0,1979,46,2.53,6.07,1.71,7.68,1,0,2,2023-09-19 17:02:03.102585,835428.76
2646,4,2.0,1971,54,3.84,13.25,3.47,6.93,0,1,1,2024-05-01 01:40:53.044203,1256150.39
3179,4,2.0,1992,33,4.82,12.14,5.39,4.66,1,1,1,2024-07-12 15:46:23.319432,1442828.91
1582,4,2.0,1976,49,3.78,1.94,6.09,3.36,1,1,1,2021-01-25 23:32:22.618849,733363.6
1533,4,3.5,1986,39,3.53,10.06,8.0,9.82,1,0,1,2021-05-28 01:25:16.263552,799559.7
2672,3,3.0,1995,30,9.75,12.88,6.73,8.18,1,1,1,2022-08-06 13:58:17.914929,1754922.6
2748,4,4.0,1984,41,2.38,3.4,6.28,3.72,1,0,1,2020-02-07 22:38:19.916597,906875.25
1486,3,1.5,1953,72,7.6,1.52,4.41,8.63,1,1,1,2020-09-25 21:39:28.974145,1038017.25
1548,3,2.5,1975,50,1.0,0.5,5.0,7.83,1,1,1,2023-10-24 08:29:13.461217,779268.93
1631,4,2.5,1968,57,6.37,4.8,4.44,3.67,1,0,1,2020-01-15 20:20:13.010842,852903.06
993,3,2.0,1994,31,9.24,3.48,8.5,4.84,1,1,2,2025-01-15 01:46:53.344453,1186974.47
1249,4,3.5,1975,50,3.59,6.48,2.69,2.67,1,1,2,2020-05-20 05:24:16.213511,635668.71
1198,4,2.5,1971,54,2.67,1.67,0.55,2.0,1,1,1,2022-04-13 02:27:43.386155,631765.02
1339,5,5.0,2007,18,6.87,15.71,6.69,7.5,1,1,3,2024-05-06 00:27:37.381150,1181700.62
1779,5,3.0,2012,13,7.41,2.38,2.42,3.41,0,0,1,2025-04-29 00:08:24.420350,1327176.36
1941,3,2.5,1977,48,7.19,2.05,8.96,8.38,1,0,2,2020-10-28 21:31:04.553794,1162145.48
2730,3,1.5,2014,11,3.87,5.24,8.66,9.96,1,0,1,2021-08-30 02:13:18.665554,1161716.93
1201,4,2.0,1993,32,3.27,5.53,1.23,1.69,0,0,2,2025-01-23 07:44:47.239366,672014.02
2391,3,2.0,1992,33,9.6,1.94,1.51,5.26,0,1,1,2024-05-14 06:25:31.276063,1716273.93
1672,4,2.0,1986,39,9.31,2.54,5.2,8.22,1,1,2,2021-03-03 06:35:07.756463,1305891.9
1770,4,3.0,2015,10,5.12,1.49,6.29,8.1,1,1,1,2023-01-11 22:53:56.697247,1120911.11
2205,4,3.5,1966,59,8.62,10.14,3.11,7.84,1,1,2,2025-03-07 05:09:51.492910,1688127.16
1126,3,1.5,1989,36,5.07,11.76,7.31,4.14,1,1,1,2023-10-16 02:31:19.566305,727804.11
2029,2,1.0,1987,38,4.82,4.96,6.15,5.08,1,1,1,2023-02-20 13:07:51.392827,971635.64
1900,3,2.0,2010,15,2.41,10.02,3.59,6.35,1,1,2,2022-02-24 06:15:54.795663,900321.71
2095,2,1.5,1958,67,4.84,10.65,0.74,9.77,1,0,1,2024-10-11 09:23:16.163469,1228620.66
1974,5,4.0,2024,1,5.84,1.19,7.63,3.95,1,1,3,2023-06-22 15:00:45.037531,1210638.17
3273,3,2.0,2010,15,1.2,27.09,2.54,9.31,0,0,1,2021-09-27 03:18:09.908256,1078780.69
1417,2,2.0,1965,60,5.0,13.76,8.43,3.42,1,0,1,2024-11-21 15:12:45.638031,821071.88
1481,1,1.0,1951,74,8.03,1.83,4.49,9.9,1,0,2,2021-04-13 12:24:37.231025,1077360.68
1426,4,2.5,2021,4,7.12,1.65,5.98,7.03,1,1,1,2022-02-06 02:44:32.226855,1082460.87
1467,4,4.0,1992,33,6.72,1.07,8.79,5.17,1,1,1,2020-05-03 17:28:28.423686,911006.45
1418,3,2.0,1991,34,9.19,1.19,8.7,6.52,0,1,2,2024-12-13 01:55:17.764804,1316835.17
2513,2,2.0,2006,19,1.16,11.03,4.03,3.45,1,1,2,2025-04-27 08:32:49.641367,1005505.66
2652,3,2.0,2016,9,6.01,5.07,2.48,3.47,1,0,3,2020-04-02 09:12:27.623019,1211583.33
1458,3,2.5,1979,46,8.09,12.22,7.86,2.02,1,1,1,2022-04-08 03:40:59.049207,984747.81
1301,4,3.0,1962,63,5.87,10.97,4.61,2.03,1,1,2,2021-07-06 15:39:10.959132,773851.55
2083,4,3.0,1968,57,3.92,7.42,2.32,4.13,1,0,1,2025-01-05 04:13:24.670558,1114128.96
1469,3,2.0,1956,69,2.23,9.28,9.09,7.87,1,1,1,2022-12-13 06:13:30.675562,716157.66
2180,3,3.0,1958,67,8.99,0.5,2.38,6.47,1,0,2,2022-06-04 21:26:16.313594,1547062.1
1922,6,3.0,2003,22,5.24,2.99,0.75,1.92,1,1,1,2022-12-11 14:37:55.896580,1076041.02
891,3,1.5,2010,15,8.9,8.12,0.69,8.67,1,0,1,2022-06-27 23:44:23.219349,1132378.59
2729,4,4.0,1951,74,6.27,0.5,6.41,6.41,1,0,1,2020-07-21 21:56:17.814845,1232277.84
2878,2,2.0,1999,26,7.07,0.5,6.79,9.65,0,1,2,2024-02-10 05:37:28.874061,1751179.78
1432,3,2.5,2024,1,8.24,15.28,3.45,7.03,1,0,3,2024-12-26 06:39:55.996663,1347739.36
1567,1,1.5,1980,45,6.93,9.22,3.54,2.58,1,0,2,2024-02-15 04:24:13.211009,988061.38
1972,3,2.5,1982,43,4.58,2.47,3.73,5.26,1,1,1,2021-10-13 15:13:57.698081,870336.59
2001,5,5.0,1960,65,5.62,9.32,6.96,6.84,1,0,2,2021-04-21 18:22:31.125938,1056803.99
2195,3,2.5,1982,43,8.23,12.58,1.05,1.25,1,1,2,2021-08-13 14:17:30.875729,1222444.86
3006,1,1.5,1956,69,4.36,2.93,9.33,1.13,0,1,1,2021-07-08 07:14:45.738115,1045770.42
1694,1,1.5,1980,45,4.49,0.5,2.61,2.16,1,1,1,2022-06-21 09:22:04.103419,817036.9
1321,3,3.0,1997,28,1.86,21.6,10.0,3.26,1,1,1,2022-11-03 15:59:35.979983,535144.19
972,2,1.5,1996,29,9.23,3.39,2.13,4.87,1,0,1,2023-09-11 11:04:09.207673,1059748.89
1361,1,1.5,2002,23,1.82,0.9,7.83,5.39,1,0,2,2020-06-07 08:55:38.782318,525558.12
1780,4,3.0,1968,57,6.83,5.42,2.62,2.24,1,1,1,2022-10-26 10:01:42.085070,1146909.57
2877,3,2.5,1955,70,4.72,11.7,1.27,7.06,1,1,1,2020-12-19 00:54:02.702251,1213448.82
1489,3,1.5,1998,27,4.65,2.0,8.81,6.37,0,0,3,2020-06-12 07:42:23.119266,741345.66
1934,5,4.5,2022,3,7.12,2.51,8.66,3.65,1,1,2,2025-03-05 13:34:16.713928,1430979.08
1790,2,2.0,1999,26,1.6,2.22,4.33,1.12,0,1,2,2021-08-21 20:15:24.770642,595874.05
2513,5,4.5,1961,64,6.34,38.31,7.17,1.7,1,1,1,2021-03-18 02:55:20.767306,1109794.09
3316,3,2.5,1972,53,7.95,1.76,5.79,4.53,1,1,1,2020-10-04 03:37:22.869057,1504419.62
1481,5,3.0,2003,22,8.45,6.86,8.6,2.39,1,0,1,2024-10-21 06:56:44.837364,1197629.85
1506,4,4.0,2018,7,2.53,20.75,3.49,4.39,1,1,1,2021-05-11 13:29:28.473728,623708.88
2426,4,3.0,2008,17,9.08,1.27,5.47,6.65,1,0,1,2024-07-17 14:33:07.656380,1789388.12
2209,6,3.0,1985,40,6.91,28.28,5.11,5.93,1,1,2,2021-12-13 16:10:24.520433,1232052.53
2908,3,3.0,1952,73,8.94,23.57,3.86,3.08,1,1,1,2022-03-22 15:45:11.259382,1582486.25
2150,5,3.5,2007,18,5.37,17.27,8.97,4.09,1,1,1,2023-12-19 10:38:55.946622,1143118.08
1584,3,2.0,2004,21,5.88,1.93,2.08,6.53,1,0,1,2022-08-14 19:56:11.809841,1035318.56
2154,3,2.5,2006,19,9.27,8.04,1.92,8.75,0,1,2,2020-10-20 15:33:10.658882,1388214.75
2465,3,1.5,1966,59,9.1,11.45,5.98,7.78,1,1,2,2023-06-27 13:47:29.374478,1644464.66
2292,3,1.5,1988,37,5.03,34.17,6.75,5.98,1,1,2,2023-10-26 00:04:48.240200,1094548.08
2104,2,1.0,2017,8,3.47,1.59,2.35,4.26,1,1,1,2022-09-15 04:12:12.610508,930168.17
2440,4,2.0,2004,21,4.54,11.62,4.21,4.29,1,0,1,2020-03-20 04:27:49.391159,963001.16
2502,3,2.0,1994,31,4.49,3.31,9.49,8.91,1,1,1,2020-07-25 05:07:27.372810,1028826.28
2629,4,2.0,1950,75,3.58,1.55,2.84,1.35,0,1,1,2023-07-09 02:56:32.827356,1067789.82
2189,4,2.0,1970,55,3.42,4.38,6.85,9.89,1,1,2,2022-04-06 12:05:24.270225,982984.61
1700,3,3.0,1970,55,8.75,12.63,7.53,6.98,1,0,3,2020-04-10 15:10:21.517931,1093260.53
1888,3,2.0,2001,24,1.63,5.0,4.76,7.13,1,0,2,2024-09-05 02:20:31.025854,855331.54
2524,3,3.0,1992,33,7.1,6.17,9.41,1.34,1,1,3,2020-11-27 14:11:30.575479,1159334.37
1310,2,1.5,2001,24,2.56,40.0,7.5,6.45,1,1,2,2024-03-12 13:53:29.674728,576435.54
2021,2,1.5,2016,9,4.1,4.07,4.85,5.36,1,0,1,2025-04-15 19:23:46.188490,1096096.74
1564,3,2.5,1993,32,1.55,7.64,5.91,1.95,1,0,3,2021-05-01 15:55:59.799833,548340.01
1817,3,2.0,1981,44,3.43,3.64,7.08,3.5,0,1,1,2023-04-02 18:57:20.867389,848971.51
2567,5,4.5,1959,66,7.92,3.99,6.13,9.01,0,0,2,2021-08-18 13:04:15.212677,1517124.5
1915,4,3.0,2013,12,8.97,9.52,8.85,5.95,1,1,1,2023-03-09 01:03:39.182652,1375283.88
1828,3,1.5,2018,7,2.99,22.23,3.89,4.72,1,1,1,2022-07-07 21:17:51.893244,749812.73
984,4,3.0,2017,8,5.17,6.25,3.35,1.65,1,1,2,2022-11-18 12:19:48.990825,733119.24
2248,2,1.0,1977,48,5.23,11.7,2.53,7.43,1,0,1,2022-11-30 01:28:52.443703,1103126.25
2187,3,2.5,2002,23,8.86,0.75,0.86,7.33,1,1,1,2020-01-02 15:35:34.778982,1271520.93
3098,4,3.5,2000,25,7.87,1.9,0.91,6.53,0,0,1,2020-10-05 19:12:57.648040,1604518.18
1615,3,2.0,2002,23,5.62,5.58,8.77,5.59,1,1,1,2021-07-24 19:10:33.527939,888342.64
1931,3,3.0,1953,72,7.04,0.5,6.94,4.9,0,0,3,2025-04-09 05:01:27.072560,1346559.86
1950,6,3.0,1966,59,8.63,2.33,6.78,6.34,0,1,2,2023-01-28 10:49:44.487072,1386075.93
2746,5,4.0,2016,9,1.09,5.83,6.34,3.1,1,1,1,2023-09-06 12:17:24.870725,1050529.7
1743,4,4.0,2023,2,4.63,0.5,8.57,9.47,1,1,1,2023-03-23 21:23:52.193494,1110080.2
1967,4,2.0,1996,29,9.17,2.46,5.06,6.3,1,1,2,2024-06-19 13:28:16.413678,1606146.04
2165,4,2.0,2005,20,7.66,5.77,8.77,3.8,0,1,1,2021-02-16 10:14:54.745621,1118407.79
1912,3,2.0,1972,53,5.89,6.81,3.91,5.05,0,1,1,2023-02-15 14:21:07.055879,1108117.85
1532,3,1.5,1967,58,5.77,20.8,9.3,8.25,1,1,1,2020-06-27 04:02:36.130108,753348.79
1916,1,1.5,1950,75,4.13,8.29,7.14,2.45,1,1,2,2021-06-15 04:56:38.832360,756852.16
2444,3,1.5,1984,41,5.68,4.29,2.94,3.64,0,0,1,2025-04-24 01:21:40.083402,1333626.3
1184,3,2.5,2013,12,6.9,21.31,5.86,7.12,0,1,1,2020-08-28 20:34:37.731442,814532.96
1880,3,1.5,2007,18,4.77,12.29,5.56,3.84,1,0,1,2023-09-16 09:50:53.544620,957100.65
1380,5,3.5,2008,17,7.43,1.79,1.81,8.13,1,0,1,2024-06-01 09:56:53.844870,1345808.81
2517,5,3.0,1950,75,8.75,1.12,6.12,2.17,1,0,2,2020-12-17 09:18:27.923269,1390719.64
886,4,3.0,1952,73,2.39,9.01,3.49,7.86,1,0,1,2021-04-25 01:33:40.683903,530558.07
1465,3,2.0,2016,9,5.06,6.57,1.0,1.62,1,1,1,2022-12-24 19:22:34.128440,832531.87
2026,5,4.0,1986,39,4.67,12.47,9.51,1.11,1,1,1,2020-04-23 19:54:59.749791,790048.35
2739,2,2.0,1978,47,7.19,10.74,6.59,9.08,1,1,1,2021-03-08 05:21:52.093411,1428884.01
1761,4,3.0,1982,43,3.25,7.85,8.83,6.23,1,1,2,2022-08-29 16:16:24.820683,864564.01
1467,2,1.5,2010,15,6.76,34.37,6.92,4.17,0,1,2,2023-06-16 00:38:25.921601,944564.9
2929,4,2.5,1953,72,8.9,6.1,3.89,3.09,1,1,1,2022-12-16 13:24:40.233527,1709178.82
931,3,2.5,1963,62,4.76,0.96,5.37,6.55,0,0,1,2025-02-18 17:14:03.703085,795791.56
600,5,4.5,1982,43,9.2,14.09,6.92,5.58,1,1,1,2024-03-10 22:17:54.895746,1050930.08
2064,5,3.0,1971,54,9.94,2.32,9.62,9.92,0,1,2,2021-10-26 19:58:35.929941,1535724.2
1499,2,1.0,1997,28,1.95,12.02,2.91,9.85,0,1,2,2020-03-10 06:54:20.717264,592628.56
1187,3,2.0,1952,73,3.1,25.19,8.81,6.72,1,1,1,2023-09-04 20:41:50.091743,597134.3
2225,6,3.0,1972,53,9.55,9.55,9.28,4.99,1,1,2,2023-05-10 17:35:40.783986,1537018.93
1946,3,2.0,2017,8,9.62,7.25,6.87,5.42,0,0,2,2022-10-11 13:41:29.074228,1421124.65
1462,5,3.5,1970,55,1.88,4.94,9.35,7.14,1,0,3,2022-08-26 09:05:15.262718,667532.65
1032,4,2.0,1992,33,1.13,3.63,4.28,1.91,1,1,1,2024-08-24 13:11:27.572977,583672.08
2323,3,2.0,1975,50,2.45,3.48,9.55,3.96,1,1,1,2021-12-18 14:57:08.857381,826572.56
2190,3,3.0,1990,35,9.96,8.09,7.18,1.68,1,1,1,2021-05-23 02:38:31.926605,1362559.7
1740,3,2.5,1987,38,2.62,11.13,0.9,1.66,1,0,2,2022-09-06 22:14:18.715596,689436.56
2908,4,2.5,1960,65,5.52,9.08,9.12,2.76,1,0,2,2022-06-19 17:46:29.324437,1181504.91
1158,3,2.5,1978,47,8.64,1.77,5.1,5.37,1,1,2,2022-11-10 06:21:55.095913,1072910.99
885,3,3.0,2009,16,1.18,5.45,4.87,8.06,1,1,1,2023-09-08 03:52:59.649708,617781.09
1385,3,2.5,2016,9,6.44,12.55,5.88,5.37,1,1,1,2020-07-30 03:54:11.709758,853908.24
1773,4,4.0,2014,11,3.49,5.17,1.92,4.02,1,0,1,2020-07-20 06:20:43.035863,808064.7
1946,5,4.0,2010,15,8.76,6.15,4.96,1.74,1,0,2,2023-04-27 12:51:02.552126,1413286.72
1655,6,3.0,1968,57,3.55,11.8,8.4,5.95,1,1,1,2025-04-20 18:10:30.525437,893366.5
2011,3,2.0,1995,30,7.18,8.66,0.65,3.44,1,0,1,2020-01-20 19:06:57.347789,1052057.51
1049,4,2.5,1998,27,7.07,4.21,3.09,6.53,0,1,2,2024-09-11 16:42:50.141784,1038347.96
2666,4,3.5,1971,54,2.99,18.06,0.52,9.79,1,1,1,2023-09-09 19:28:34.428690,1325421.83
1751,4,2.0,2006,19,1.31,1.42,4.45,2.0,1,0,1,2025-04-22 09:46:05.304420,784777.76
2470,5,4.5,1963,62,4.68,40.0,7.42,2.91,1,1,1,2021-09-12 06:57:56.897414,940911.62
2006,3,1.5,1993,32,3.6,1.01,8.09,5.26,1,1,2,2022-05-02 21:34:40.733944,872083.0
2074,2,2.0,1965,60,8.28,0.5,9.48,9.72,1,0,2,2023-11-23 01:09:39.482902,1450998.09
2142,5,4.0,1961,64,8.2,17.66,6.28,7.95,1,0,3,2021-07-19 20:23:49.190992,1370800.79
2069,3,3.0,2004,21,5.11,2.25,2.92,9.08,1,1,1,2023-09-18 01:26:28.323603,1277356.38
2186,4,3.5,2000,25,6.46,10.47,9.28,4.0,1,1,3,2024-07-27 12:06:36.330275,1231408.22
2597,5,4.0,1988,37,6.44,13.33,7.87,9.93,1,1,2,2024-02-20 03:10:57.547956,1604093.31
1918,2,1.0,1982,43,8.44,15.67,5.96,1.93,1,1,2,2023-05-30 12:42:38.131776,1185257.33
2225,5,3.5,1982,43,4.83,38.23,7.11,1.48,1,1,3,2021-05-13 05:05:03.252710,861782.86
1746,3,2.5,1978,47,3.48,2.79,9.28,8.7,1,1,1,2023-12-11 04:41:02.051709,996974.0
2664,3,2.5,2018,7,3.39,9.91,7.27,9.35,1,1,1,2021-04-23 09:58:05.904920,1106856.82
1394,4,4.0,2019,6,5.83,0.98,4.0,1.82,1,1,1,2022-08-01 15:11:33.577981,930096.31
2881,5,3.0,1980,45,5.04,4.18,7.27,2.02,1,0,2,2021-10-08 16:27:13.361134,1174386.09
1776,1,1.5,1980,45,4.96,15.07,0.88,1.3,1,1,2,2020-02-29 09:20:52.043369,675445.64
942,3,2.5,1995,30,1.82,3.67,4.17,1.94,1,1,2,2023-04-09 09:19:39.983319,441714.39
1877,4,3.0,2001,24,7.47,7.15,4.36,2.88,1,1,1,2024-03-30 17:24:52.243536,1317771.65
1391,4,3.5,1959,66,2.92,5.61,2.08,9.73,0,1,1,2023-08-02 20:50:14.512093,851367.16
2304,4,2.5,2023,2,2.77,8.31,0.72,7.01,1,0,1,2021-12-08 17:23:40.183486,1014600.05
1408,2,1.0,1990,35,4.71,28.86,1.77,8.01,1,1,2,2020-06-04 01:44:29.224353,673492.43
1532,3,2.0,1952,73,3.05,0.5,6.72,7.99,1,0,1,2022-10-09 22:05:54.295246,742918.46
666,3,2.5,2008,17,6.25,6.83,8.12,5.82,0,1,3,2025-01-31 13:42:41.134278,810318.34
1529,4,3.5,2001,24,4.34,15.9,9.89,8.18,1,1,1,2025-04-30 15:43:59.199332,999509.88
600,3,2.5,1983,42,5.04,5.25,3.79,6.36,1,1,1,2021-10-03 17:40:29.024186,641247.67
850,3,1.5,1998,27,5.83,0.65,6.19,3.83,0,1,2,2025-04-04 06:14:42.735613,831072.11
2256,5,3.0,1977,48,2.83,6.58,9.4,6.05,0,1,1,2020-01-30 16:40:26.021684,779161.98
2271,1,1.5,1962,63,2.4,3.23,2.09,5.8,1,0,1,2021-02-11 11:28:10.408673,818415.95
2055,6,3.0,2018,7,8.92,1.35,7.32,8.41,1,1,1,2024-09-06 17:56:05.804837,1742847.65
1220,4,3.5,2016,9,4.9,15.13,7.67,9.84,1,1,1,2022-05-19 09:30:28.523769,944169.75
1771,4,4.0,2010,15,4.71,5.9,1.35,4.7,0,1,3,2024-10-17 23:45:35.279399,1171037.4
1798,3,2.0,2009,16,1.32,21.66,8.68,7.87,1,0,2,2024-10-19 15:21:10.058382,791005.75
1105,1,1.0,2020,5,5.48,13.12,8.22,1.9,1,1,1,2021-03-16 11:19:45.988323,586007.58
2702,4,4.0,1973,52,5.99,9.45,0.82,7.99,1,0,2,2021-07-11 14:25:55.296080,1408523.97
2326,4,3.0,2012,13,6.03,0.5,1.37,4.34,1,1,1,2022-05-14 10:43:44.186822,1306698.56
1667,4,2.5,2010,15,7.36,4.47,0.97,1.35,1,0,2,2021-01-24 07:56:47.839866,1058401.16
1816,2,2.0,1972,53,2.6,1.76,3.68,4.27,1,1,3,2022-03-04 12:13:48.690575,705519.04
1925,4,3.0,1979,46,3.27,19.33,5.34,6.5,1,1,2,2022-03-07 19:24:58.248540,877473.44
600,4,2.5,2009,16,8.3,1.53,5.56,2.07,1,0,1,2023-10-29 07:15:57.798165,842889.44
1652,4,2.5,1967,58,9.52,2.7,3.04,9.32,0,1,1,2024-04-22 19:42:59.149291,1635037.23
1391,4,4.0,2005,20,2.22,5.82,9.16,1.7,1,1,1,2025-02-17 01:38:28.924103,725097.9
1199,4,3.0,2002,23,5.48,2.45,4.0,9.37,1,0,2,2023-09-01 13:30:40.533778,1022262.88
1631,4,4.0,1956,69,2.93,1.88,0.93,7.36,1,1,2,2021-10-30 03:09:45.487906,896614.36
2879,2,1.0,2018,7,1.54,7.31,3.35,3.97,1,0,1,2023-04-25 21:15:27.773144,1071903.57
2185,3,2.5,2021,4,3.93,0.75,5.55,4.52,0,0,3,2021-03-11 12:33:01.651376,948049.36
1457,2,1.5,2001,24,2.29,0.5,4.38,7.67,0,0,1,2024-10-31 04:30:13.511259,868958.99
2144,3,2.5,1953,72,7.39,3.72,3.1,6.41,1,1,1,2020-08-25 13:23:28.173477,1168486.94
2640,3,2.0,1983,42,5.8,10.2,1.75,7.04,1,1,1,2020-10-23 22:44:20.216847,1200806.94
2355,2,1.5,2018,7,2.29,6.47,8.28,4.5,1,1,1,2024-01-28 00:52:50.642201,966517.22
1836,3,3.0,1982,43,1.08,4.4,9.96,5.39,1,1,1,2025-03-12 03:56:35.829858,766158.25
1412,2,1.0,2018,7,8.27,6.67,3.63,9.91,0,0,2,2024-09-29 20:14:12.710592,1381160.66
2219,4,2.5,1987,38,2.59,3.64,4.13,2.93,1,1,1,2024-05-09 07:38:46.939115,1023408.11
2036,5,4.5,1975,50,6.46,22.01,6.37,4.76,0,0,1,2022-05-01 05:59:05.954962,1097458.47
2337,2,1.0,1950,75,4.03,0.5,7.33,3.63,1,1,2,2022-07-30 23:35:58.798999,913140.52
2181,5,5.0,1953,72,6.27,8.95,4.22,7.89,1,0,1,2023-09-26 07:24:22.218515,1374287.42
2430,3,2.5,1988,37,3.84,17.75,9.1,7.88,1,0,2,2023-05-17 07:57:59.899916,1074162.01
1479,3,2.5,2003,22,1.78,13.03,5.82,3.63,1,1,1,2021-12-05 10:12:30.625521,598180.44
2590,2,1.0,1982,43,3.01,1.63,4.78,1.73,1,1,2,2021-12-12 00:34:49.741451,947326.79
1919,3,3.0,1982,43,2.69,2.81,6.64,1.1,1,0,3,2022-03-14 09:47:17.364470,785660.78
3045,4,2.5,2021,4,4.85,10.1,9.55,4.85,1,1,1,2021-10-21 21:11:51.592994,1289645.61
1386,4,3.0,1969,56,6.92,0.7,8.05,4.69,0,0,2,2023-01-05 08:31:37.581317,1015641.72
2842,2,2.0,1965,60,3.37,13.36,0.88,9.9,1,1,2,2020-03-15 05:41:05.054211,1065393.89
1919,2,1.5,1970,55,1.11,10.15,3.66,5.23,1,1,2,2023-10-14 10:55:44.787322,770825.29
1409,3,2.0,1994,31,5.67,10.46,4.97,3.31,1,0,1,2021-12-21 22:08:18.415346,838235.03
1510,3,2.0,2011,14,6.45,0.85,3.49,9.02,1,0,1,2024-06-16 06:17:06.855713,1222492.36
1608,3,2.0,1980,45,9.67,10.12,7.15,5.42,1,0,2,2023-10-17 18:06:54.345287,1408656.35
2054,3,2.0,1991,34,6.31,9.11,8.35,6.39,0,0,2,2023-10-30 22:51:32.577147,1162648.65
2114,4,3.0,1961,64,5.24,14.22,7.45,1.86,1,0,1,2022-03-19 08:34:01.701417,908519.64
1456,5,4.0,2014,11,6.16,0.5,9.9,4.45,1,1,1,2024-07-15 22:57:32.877397,1103826.31
1785,3,2.0,2022,3,9.35,0.5,3.09,9.5,1,1,1,2024-03-05 23:31:10.558799,1730627.28
3085,5,3.5,1952,73,8.46,3.73,8.81,6.31,1,0,1,2023-01-21 20:27:25.371142,1783714.83
2837,3,2.5,1958,67,3.91,1.29,7.78,4.1,0,1,1,2023-02-10 15:34:22.718932,1130928.02
2062,3,2.0,2000,25,3.14,6.54,3.94,6.63,0,1,1,2024-03-02 16:20:01.000834,1012983.13
1823,3,3.0,1965,60,3.36,19.95,7.47,9.19,0,1,1,2023-11-26 08:20:49.040867,896443.35
1872,4,2.0,1952,73,5.54,3.97,1.49,3.47,1,1,1,2020-08-07 09:52:05.604670,859402.57
2168,6,3.0,1973,52,7.7,14.91,8.0,5.55,1,1,3,2024-09-26 13:03:03.152627,1435778.98
1186,4,3.0,2022,3,5.53,0.5,5.56,9.63,1,1,1,2020-10-25 14:19:54.995829,887161.62
1646,3,2.5,1962,63,1.61,1.48,3.28,2.55,1,0,1,2021-09-10 15:22:22.118432,627476.41
799,4,3.0,1951,74,7.51,0.5,6.73,7.48,1,0,1,2023-02-17 05:56:41.834862,956564.54
2040,2,1.5,2020,5,8.25,3.18,6.6,6.53,1,1,3,2021-10-31 18:45:20.266889,1289180.65
2188,5,3.0,1970,55,3.61,19.1,2.49,7.12,1,0,2,2021-03-19 18:30:55.546288,950663.81
1510,3,1.5,1968,57,6.98,0.82,0.79,4.16,1,1,2,2022-02-19 07:29:10.458715,987807.2
2744,3,2.0,1996,29,4.84,7.46,4.62,3.82,1,0,1,2020-10-14 01:10:51.542952,1086804.43
1065,4,4.0,1971,54,9.0,4.8,5.91,7.16,0,1,2,2021-04-20 02:46:56.346955,1025548.28
921,4,2.5,2024,1,8.61,22.31,8.83,2.94,1,0,1,2020-05-30 02:57:44.887406,769235.74
1935,2,2.0,1982,43,5.73,1.05,9.32,4.78,1,1,1,2020-11-06 03:28:58.448707,927725.28
2428,4,2.0,1981,44,7.22,1.91,5.52,2.69,1,1,2,2025-04-10 20:37:01.851542,1499641.3
2810,3,3.0,2013,12,8.95,0.5,7.66,1.07,1,0,2,2025-05-10 13:17:27.873227,1864038.38
1525,4,2.5,1988,37,5.46,4.55,4.67,9.73,1,0,2,2022-07-14 11:40:11.009174,970658.39
2447,4,3.5,2021,4,3.82,2.6,7.59,4.89,1,1,2,2022-12-06 15:51:11.559633,1172773.26
1777,4,4.0,1991,34,7.78,16.32,2.45,9.72,1,0,3,2025-04-14 03:48:11.409507,1583054.76
1696,4,2.5,1958,67,2.98,7.43,4.03,2.26,0,0,1,2021-01-29 06:43:32.176814,632362.5
2330,3,1.5,1974,51,4.5,7.62,6.53,6.29,1,0,1,2021-06-13 13:21:04.053377,940407.41
2191,2,1.0,1951,74,8.79,6.07,0.67,2.81,1,1,1,2025-05-20 10:50:56.547122,1598566.0
854,4,3.5,1968,57,7.52,0.77,7.36,8.11,1,1,2,2022-11-28 09:53:17.664720,956996.25
2686,3,2.0,1969,56,4.63,4.71,8.44,8.05,1,1,1,2025-03-23 17:05:39.282735,1386894.86
2628,3,2.5,2019,6,2.93,40.0,4.29,2.01,1,1,2,2020-02-27 17:45:17.264386,890685.07
1425,3,3.0,1966,59,4.2,14.43,4.76,9.21,1,1,1,2020-11-17 16:38:01.901584,752456.39
2037,2,1.0,2017,8,3.56,17.91,8.59,2.75,0,1,1,2025-01-29 22:07:06.355296,901713.79
2096,4,2.5,1952,73,2.58,13.86,7.87,6.52,1,1,1,2020-11-16 01:02:27.122602,777548.5
1956,2,2.0,2000,25,7.69,0.87,3.24,9.87,1,0,1,2023-07-14 01:43:17.164303,1460864.04
1470,4,2.5,1975,50,3.27,2.06,3.58,8.94,1,0,2,2022-01-05 18:28:31.426188,834971.55
1397,3,2.0,2005,20,5.09,0.5,6.95,9.61,1,1,1,2022-12-01 17:04:27.222685,995187.63
1785,1,1.5,2013,12,4.47,2.89,5.85,4.08,1,1,1,2022-02-11 01:31:16.563803,845000.0
2504,3,2.5,1957,68,9.84,0.92,2.04,1.95,1,0,1,2021-12-10 08:59:14.962468,1541243.45
2126,1,1.0,1986,39,4.52,5.12,3.44,2.7,1,0,1,2021-03-01 14:59:32.977481,876052.66
1578,3,2.5,1976,49,1.72,9.04,9.05,5.5,1,1,1,2022-01-20 14:48:44.437030,565621.77
2263,4,2.5,1994,31,1.81,16.6,7.04,8.14,1,1,1,2024-10-04 19:00:57.047539,1047739.58
600,2,2.0,1953,72,6.32,11.07,9.87,2.35,1,0,2,2024-12-06 11:32:58.648874,595022.86
2489,4,3.0,1986,39,6.39,22.32,7.79,6.94,1,1,1,2025-01-24 23:20:22.018348,1492241.42
756,1,1.0,2020,5,4.77,0.5,9.45,3.91,1,1,1,2024-03-15 21:04:39.232693,629927.87
1583,3,2.0,1982,43,4.89,0.5,2.55,4.07,0,1,2,2023-06-07 18:40:32.026688,926047.42
1128,4,3.0,1980,45,1.49,8.66,7.83,6.96,1,1,1,2020-01-19 03:31:22.568807,426671.84
1023,3,3.0,2004,21,5.65,2.73,0.69,5.2,1,0,1,2021-01-16 01:58:53.944954,751047.13
2496,2,1.0,1961,64,5.54,2.34,6.87,8.31,1,1,2,2024-03-07 15:06:45.337781,1327785.05
1519,3,2.0,1960,65,2.35,3.21,4.96,2.4,1,1,1,2024-06-09 15:54:47.739783,662038.73
2008,3,2.0,2021,4,1.93,2.52,3.79,8.11,1,1,2,2020-10-17 08:22:01.100917,798554.27
1772,4,2.5,1981,44,2.11,5.73,8.69,1.58,1,0,1,2023-09-24 15:48:47.439532,668073.14
2086,3,1.5,2006,19,1.91,4.64,8.62,2.75,0,1,2,2025-04-25 16:57:14.862385,824829.8
1846,4,2.5,1987,38,6.49,5.75,0.71,6.91,1,0,3,2024-12-16 09:06:27.322768,1274603.78
1030,5,5.0,2009,16,2.77,8.94,6.29,8.69,1,0,1,2024-04-29 10:05:18.265221,788350.55
2398,3,3.0,1968,57,3.26,3.92,3.99,3.27,1,1,1,2022-03-24 07:20:46.038365,1023827.78
1504,5,3.0,2005,20,2.56,2.32,4.45,3.94,1,1,1,2024-11-28 05:35:04.753961,846120.02
866,3,1.5,1963,62,9.62,1.45,8.4,5.83,1,1,1,2024-06-12 23:05:57.297748,1115645.7
1543,5,4.5,1982,43,8.69,3.44,3.44,2.9,1,1,2,2021-10-15 06:49:32.477064,1169853.35
2700,2,1.5,1959,66,3.07,10.83,9.46,8.3,0,1,2,2024-03-22 11:26:58.348623,1117889.01
2310,4,4.0,2013,12,3.95,11.31,2.21,7.96,1,1,1,2021-02-19 17:26:04.303586,1077486.92
1591,3,1.5,2013,12,2.89,8.79,6.8,2.31,0,1,2,2023-12-27 16:36:49.841534,703056.24
1590,3,2.0,2011,14,5.43,2.13,6.88,5.17,1,0,1,2023-03-05 17:52:29.624687,933565.43
1607,4,3.5,2017,8,1.18,7.1,2.9,7.97,0,1,2,2021-05-21 11:02:57.147623,764421.22
3046,4,2.5,1992,33,7.04,6.76,3.59,4.04,1,1,2,2025-02-05 12:29:25.471226,1718678.17
2029,1,1.5,2008,17,5.71,5.3,8.43,6.7,1,0,2,2022-03-30 21:43:05.154295,1051860.98
2058,2,1.0,2001,24,9.09,6.39,7.74,1.45,1,1,1,2020-05-02 01:52:53.644703,1106855.01
2418,4,4.0,1968,57,2.48,5.41,3.63,6.48,1,1,2,2023-02-23 20:19:00.950792,1125418.38
1943,4,2.0,1970,55,8.24,6.67,5.57,2.37,1,0,1,2024-10-01 11:49:47.489574,1355608.07
1645,5,3.0,1971,54,8.13,10.06,1.09,8.48,1,1,2,2024-03-27 10:13:42.685571,1421849.57
1682,4,2.5,1958,67,2.14,0.93,2.48,4.2,1,1,1,2022-11-11 21:57:29.874895,753126.74
1757,5,4.5,1958,67,4.59,11.08,5.12,3.53,1,0,1,2022-06-11 11:48:35.429524,879926.62
1778,4,3.5,2022,3,2.53,1.17,1.32,8.57,1,0,2,2022-03-27 14:31:55.596330,915913.27
2237,3,2.0,1976,49,3.29,0.55,8.51,1.45,0,1,2,2023-06-01 04:18:12.910758,878969.65
1831,2,1.0,1966,59,3.37,29.86,7.32,4.57,0,1,1,2021-04-16 19:35:46.788990,584357.55
2240,4,4.0,1993,32,6.01,25.17,9.46,4.33,1,1,3,2024-01-16 11:43:47.189324,1194918.35
1752,4,2.0,1994,31,4.7,0.5,7.09,3.56,1,1,2,2024-06-11 07:30:22.518765,1006070.63
1847,1,1.0,1957,68,9.53,4.69,9.43,9.21,1,1,2,2023-03-27 04:35:01.751459,1439239.37
601,3,2.5,1967,58,2.14,1.65,5.77,7.76,1,1,2,2024-04-19 12:31:49.591326,463340.54
2350,5,3.5,1982,43,9.76,5.31,6.2,1.58,1,0,1,2024-06-22 20:39:25.971643,1670707.59
2008,3,2.0,1950,75,3.08,14.18,9.78,7.43,1,0,2,2023-03-30 11:46:11.309424,873576.63
2399,3,2.0,1955,70,7.96,24.06,6.6,5.75,1,1,1,2023-11-01 14:27:07.356130,1435927.99
600,3,1.5,1990,35,4.05,8.05,0.79,9.11,1,1,1,2021-06-11 21:45:29.274395,570885.28
3053,3,2.5,2004,21,2.29,3.49,7.38,3.82,0,1,2,2020-12-22 08:05:12.260216,978664.89
1716,3,1.5,1954,71,8.72,7.4,9.1,6.17,0,1,2,2024-07-29 03:42:11.109257,1305306.29
2465,3,1.5,2008,17,3.78,2.99,8.06,5.51,1,1,2,2021-08-15 05:53:05.654712,989698.27
1176,2,1.5,1967,58,6.93,19.25,6.05,5.41,1,1,2,2023-08-16 01:34:52.743953,887664.71
2168,4,4.0,1998,27,6.1,16.35,6.88,5.1,1,1,2,2021-03-13 04:08:36.430358,1142439.26
1168,3,3.0,2014,11,5.25,6.54,9.91,2.85,0,1,1,2021-07-09 22:50:20.517097,637111.71
1426,4,2.0,2003,22,5.46,3.14,1.36,7.8,1,1,3,2025-05-18 19:15:21.768140,1163996.01
2948,5,5.0,2010,15,7.59,2.78,6.84,5.06,0,1,1,2023-12-14 11:52:11.609674,1758436.29
1686,3,1.5,1957,68,1.79,0.5,3.19,9.63,0,0,2,2021-11-25 12:39:01.951626,748967.15
1930,4,3.5,1952,73,7.01,13.53,6.58,3.35,1,1,2,2024-01-06 14:10:18.515429,1234191.34
2322,3,3.0,1974,51,9.06,4.79,6.27,7.14,1,1,2,2023-11-24 16:45:14.261884,1593555.61
2097,5,5.0,2018,7,1.52,3.15,1.96,9.47,1,0,1,2023-01-13 14:29:31.476230,1029255.14
1890,3,1.5,2004,21,2.27,5.1,2.46,6.97,1,1,3,2024-09-13 08:18:24.920767,997159.93
2019,4,2.5,1989,36,7.45,13.66,6.41,8.84,1,1,2,2020-05-25 04:11:00.550458,1150748.16
3242,4,3.5,1999,26,4.94,1.06,1.72,8.45,1,0,3,2023-03-17 07:01:33.077564,1609327.06
1765,3,2.0,1982,43,4.63,15.6,3.02,4.24,1,1,1,2022-05-04 13:10:15.512927,876635.84
1921,2,1.0,1967,58,2.23,18.22,8.43,6.4,1,0,2,2023-11-21 09:34:04.703919,779711.08
2430,4,2.5,2006,19,5.56,23.46,3.61,2.41,1,0,2,2022-06-06 13:01:51.092577,1137995.68
2463,4,2.5,1965,60,2.14,4.05,5.14,5.82,0,1,2,2022-11-13 13:33:04.653878,950063.66
2512,3,2.0,1987,38,5.29,1.96,9.44,3.07,1,1,3,2024-01-09 21:21:28.073394,1249998.32
2183,4,2.0,1990,35,7.87,3.74,2.66,7.69,0,1,1,2024-12-29 13:51:05.554628,1590640.31
1114,3,2.0,1956,69,3.32,3.24,4.2,5.75,0,1,1,2020-03-11 22:29:55.496246,552186.33
2780,4,3.0,2002,23,5.33,1.55,6.26,4.7,1,1,1,2022-11-23 11:06:33.327773,1385965.0
1112,2,1.5,2012,13,9.93,7.48,7.68,3.42,1,0,1,2025-06-01 00:00:00.000000,1161859.26
1982,5,4.0,1981,44,7.18,5.18,9.07,9.99,0,0,3,2024-08-13 00:02:24.120100,1479033.32
1347,3,1.5,1987,38,8.57,16.06,9.2,1.65,0,1,1,2021-04-26 17:09:15.462885,816579.52
1762,3,2.0,1971,54,4.73,0.5,7.88,1.39,1,0,1,2022-05-24 08:17:12.860717,880749.11
1997,2,1.5,1965,60,7.91,8.26,2.67,2.96,1,1,1,2023-04-04 10:32:55.646371,1221573.25
1993,2,1.5,2001,24,1.36,11.52,0.74,9.74,1,1,2,2023-09-03 05:06:15.312760,954783.57
2053,3,1.5,1978,47,2.11,11.4,4.15,9.81,1,1,1,2023-03-25 12:59:26.972477,933915.47
2768,3,2.0,1965,60,2.83,17.38,1.84,6.89,1,0,1,2021-10-25 04:23:01.150959,1016611.58
2072,4,2.5,1966,59,4.62,10.45,7.25,8.92,1,1,1,2023-04-12 16:30:49.541284,1080598.25
1654,1,1.5,2013,12,8.61,21.03,6.78,2.93,1,1,1,2021-12-20 06:32:43.636363,1103930.77
2378,3,2.5,1962,63,4.12,3.24,0.92,9.75,0,0,3,2020-09-27 13:15:03.753127,1100640.46
2514,3,1.5,2021,4,6.89,5.6,8.45,2.29,1,1,1,2024-05-15 22:01:06.055045,1479813.2
1063,1,1.0,2005,20,7.38,0.5,2.86,1.91,1,1,2,2022-09-23 10:10:06.505421,857058.22
2158,2,1.0,1954,71,6.28,0.5,4.61,2.01,0,1,3,2023-10-12 19:20:10.008340,1162878.18
2221,3,3.0,1961,64,4.22,2.2,6.85,6.16,1,0,2,2024-06-21 05:03:51.192660,1136452.3
1621,3,3.0,1990,35,6.19,0.85,4.58,8.03,0,0,3,2024-09-10 01:07:15.362802,1215509.68
2625,3,1.5,1952,73,4.08,2.41,4.69,4.3,0,1,3,2020-04-04 00:48:02.402001,932762.34
1710,3,2.0,1982,43,1.75,1.56,1.12,9.8,1,0,1,2020-05-16 22:13:06.655546,747121.1
1875,4,3.5,1999,26,9.94,0.5,4.31,4.91,1,0,2,2025-01-16 17:22:28.123436,1675427.45
1696,1,1.0,2005,20,2.14,19.2,7.77,2.35,1,0,1,2020-06-25 12:27:01.351125,492295.87
1809,3,2.5,1958,67,1.65,0.5,9.19,5.19,1,0,1,2021-11-04 01:56:29.824854,672028.91
1142,5,4.5,1999,26,8.91,10.66,4.43,7.11,1,0,2,2022-10-24 18:26:07.306088,1195215.4
936,3,1.5,1978,47,3.72,1.32,4.52,8.49,1,0,2,2020-01-17 11:55:47.789824,624254.38
2757,4,2.0,1988,37,6.85,19.46,7.17,5.13,1,1,2,2020-03-03 16:32:01.601334,1199734.87
1292,3,2.0,1994,31,3.96,17.86,9.46,6.34,0,1,2,2022-03-09 11:00:33.027522,668621.51
1205,4,3.5,1966,59,4.52,8.49,3.04,3.41,1,1,1,2024-05-10 23:14:21.718098,862088.54
600,4,4.0,2005,20,3.36,8.92,4.68,6.81,1,1,2,2021-09-23 20:07:00.350291,576163.97
1417,3,3.0,1995,30,4.09,0.5,8.06,9.87,0,1,1,2024-10-22 22:32:19.616346,1026005.97
1006,6,3.0,2016,9,4.7,33.53,6.29,1.44,0,1,1,2022-09-20 02:58:56.947456,581363.31
2785,2,1.0,2018,7,7.48,16.82,1.55,8.98,0,1,2,2024-05-24 03:58:59.949958,1763426.15
2406,1,1.5,1963,62,5.6,18.04,6.46,6.06,1,1,1,2022-10-08 06:30:19.516263,1074558.93
1387,4,4.0,2016,9,9.49,8.61,2.27,3.27,1,1,2,2024-02-21 18:46:32.326939,1409300.25
3151,4,2.5,1972,53,1.38,3.38,5.35,9.59,1,1,2,2020-04-18 21:08:15.412844,1066358.79
2389,2,1.0,2010,15,5.53,17.93,5.53,5.35,1,1,1,2021-02-23 00:37:13.861551,1041126.75
1605,3,2.0,1972,53,6.26,2.76,8.82,3.99,1,1,2,2022-09-03 15:03:09.157631,973598.3
600,1,1.0,1976,49,9.28,6.62,4.89,2.63,1,0,2,2024-05-17 13:36:40.834028,817151.41
3175,3,3.0,2003,22,1.44,0.84,3.15,3.2,1,0,1,2024-10-27 21:19:03.953294,1304717.22
966,4,3.5,1959,66,6.16,20.4,2.69,8.5,1,0,1,2023-11-13 03:36:10.809007,940330.89
813,3,1.5,1965,60,8.68,1.21,8.81,6.53,1,0,2,2023-10-07 20:33:25.671392,987167.4
2414,3,1.5,1990,35,3.18,2.04,2.12,9.22,1,0,1,2023-12-07 21:29:52.493744,1196191.46
3264,3,3.0,2004,21,8.89,6.53,4.55,3.09,1,1,2,2020-09-24 06:03:54.195162,1624978.26
2631,1,1.0,2010,15,1.17,11.55,2.28,2.09,1,1,1,2024-09-01 19:09:21.467889,982675.2
2138,3,2.0,1998,27,7.59,7.73,7.85,1.05,1,1,2,2024-09-03 10:44:56.246872,1318932.62
2157,4,2.5,2022,3,9.4,2.11,5.01,5.57,1,0,3,2023-10-01 06:11:06.555462,1703121.46
2312,6,3.0,2001,24,6.91,0.5,3.84,9.98,1,1,1,2025-01-21 16:09:12.460383,1699757.78
2255,4,2.0,1951,74,4.95,11.32,3.93,7.25,1,1,2,2024-08-03 02:28:55.446205,1316437.92
1969,1,1.0,1999,26,1.4,33.71,8.6,3.78,1,0,2,2022-07-27 16:24:49.241034,567031.97
1863,5,3.5,1992,33,9.28,13.28,5.76,8.89,1,1,2,2020-01-29 01:04:51.242702,1273897.49
1762,4,3.5,1957,68,5.23,4.93,7.32,8.04,1,1,2,2024-12-11 10:19:42.985821,1221360.07
1348,4,3.0,2008,17,1.26,18.73,9.02,1.14,0,1,2,2020-02-09 14:13:54.695579,406294.67
1632,3,1.5,2014,11,7.21,4.22,9.07,8.35,1,0,2,2024-03-14 05:29:04.453711,1293880.65
784,3,2.5,1961,64,5.34,5.95,3.62,3.7,1,1,2,2024-04-16 05:20:40.033361,665327.92
1741,3,2.0,1953,72,2.12,5.19,9.55,2.35,1,1,2,2020-06-15 14:53:32.677231,545927.44
1207,2,2.0,1990,35,2.93,4.75,0.74,3.04,1,1,1,2022-12-26 10:58:08.907422,662704.76
1138,3,2.0,1956,69,1.58,11.94,4.08,5.22,1,1,3,2020-01-25 17:53:41.684737,431574.01
1908,3,2.5,2018,7,6.17,5.99,9.01,4.82,1,1,1,2021-09-30 10:29:19.466221,1024219.18
2635,3,2.0,2018,7,6.6,3.05,3.11,3.6,0,1,1,2022-06-16 10:35:19.766472,1370871.24
2351,4,2.0,1979,46,5.55,2.39,3.09,2.55,1,0,1,2023-05-09 02:00:06.005004,1158725.05
858,3,2.0,2022,3,8.35,0.5,3.37,7.86,1,1,1,2021-03-04 22:10:42.535446,996999.12
1206,2,2.0,1955,70,8.75,7.0,6.32,9.91,1,0,1,2024-10-26 05:43:29.174311,1281055.7
2364,5,3.5,1968,57,6.54,2.09,4.66,8.0,1,1,1,2023-07-17 08:54:26.722268,1462449.06
1211,5,5.0,2015,10,1.11,1.28,7.4,3.66,1,1,1,2025-02-15 10:02:54.145120,717961.26
1665,4,3.5,1959,66,7.26,8.49,9.0,3.2,1,0,2,2021-11-07 09:07:39.382819,1025369.52
2130,6,3.0,1965,60,4.76,9.15,6.9,2.96,1,1,1,2020-08-09 01:27:40.383653,854373.53
1219,3,2.0,1986,39,6.09,11.16,2.44,2.23,1,1,1,2024-05-12 14:49:56.497080,872340.52
1863,5,3.0,1981,44,6.84,5.6,9.36,5.96,1,0,1,2024-11-08 10:28:07.406171,1288966.05
1000,2,1.5,1996,29,4.15,17.96,3.01,6.45,1,1,1,2023-03-02 10:41:20.066722,697983.62
1439,3,3.0,2021,4,9.25,22.03,1.92,7.35,0,0,1,2025-04-07 13:25:52.293578,1518457.8
1992,3,2.0,1992,33,2.21,13.18,1.35,7.12,0,1,2,2020-12-15 17:42:53.144286,786726.35
844,2,2.0,1985,40,7.04,8.08,5.85,3.63,0,0,3,2024-02-11 21:13:03.653044,802125.83
2064,2,1.5,1975,50,1.04,2.9,1.58,3.97,1,1,2,2020-06-10 16:06:48.340283,686572.92
1788,4,2.5,1959,66,9.32,32.57,1.82,7.13,1,1,2,2020-05-08 16:15:12.760633,1178062.51
2131,4,4.0,1980,45,2.01,2.56,3.35,4.15,1,1,1,2020-12-30 14:03:06.155129,811923.41
1934,4,3.5,1978,47,1.85,1.81,3.18,2.91,1,0,1,2020-09-06 02:32:31.626355,739527.9
2618,2,2.0,1954,71,4.0,4.67,6.24,4.37,1,1,1,2022-01-30 12:22:13.110925,1020410.07
